Vehicle Key,IMO number,Vehicle Name,Vehicle Capacity,Vehicle Speed (km/h),Vehicle Builder,Fuel usage per day,Current Latitude,Current Longtitude
1,9648714,PRELUDE,16431,12828.804,Kaiser Shipyards,,-13.78729,123.31391
2,9593505,PIONEERING SPIRIT,6927,8172.876,Suez shipyard,,51.96167,3.977
3,9224764,FSO AFRICA,4413,19299.692,Oregon Shipbuilding Corporation,,26.64437,51.89488
4,9224752,FSO ASIA,10421,12147.268,"Hyundai Mipo Dockyard Co., Ltd.",,26.58988,52.03687
5,9246633,OCEANIA,6559,25274.244,Aker Arctic,,2.34647,101.91493
6,9235268,EUROPE,13647,47803.824,George Lawley & Sons,,1.25007,103.47625
7,9744001,SYMPHONY OF THE SEAS,25812,23442.616,Meyer Werft,,23.54762,-80.68495
8,9682875,HARMONY OF THE SEAS,12658,9721.148,General Dynamics,,29.50903,-80.74075
9,9383936,OASIS OF THE SEAS,5249,34297.188,Danziger Werft,,29.23465,-80.35712
10,9383948,ALLURE OF THE SEAS,18519,9997.096,Hellenic Shipyards Co.,,51.2138,-6.72533
11,9695896,EGINA,5398,13138.088,Union Iron Works,,3.05027,6.69737
12,9776420,CMA CGM JEAN MERMOZ,7094,18055.148,Feadship,,30.6332,122.04568
13,9786827,EVER GIFTED,9749,14682.656,Meyer Werft,,19.96469,39.00741
14,9776418,CMA CGM ANTOINE DE SAINT EXUPERY,7928,25563.156,Zidell Marine,,19.70388,57.89827
15,9776432,CMA CGM LOUIS BLERIOT,13803,28754.152,"Samsung Heavy Industries Co., Ltd.",,48.99122,-5.12598
16,9811012,EVER GOLDEN,15526,28546.728,Ulstein Group,,35.62658,16.86091
17,9811000,EVER GIVEN,15414,20353.48,Lawrence & Foulks,,29.79434,122.1237
18,9810991,EVER GOODS,10990,20999.828,"Hyundai Samho Heavy Industries Co., Ltd.",,6.19325,92.49884
19,9820855,EVER GRADE,11339,6194.94,Modest Infrastructure Ltd,,35.30312,121.25542
20,9786841,EVER GLOBE,3345,6478.296,Vosper & Company,,-34.85206,19.01253
21,9820922,EVER GENTLE,3498,2618.728,Azimut,,6.00124,95.26453
22,9832729,EVER GREET,1414,14640.06,John Roach & Sons,,36.11214,-3.98495
23,9786815,EVER GENIUS,7905,5893.064,Chantiers et Ateliers Augustin Normand,,16.02371,41.38277
24,9786839,EVER GLORY,3182,2770.592,Mangalia shipyard,,51.94404,1.31557
25,9832717,EVER GOVERN,1496,14519.68,SEMAR (Veracruz Federal Shipbuilding),,51.94691,4.04478
26,9795658,COSCO SHIPPING STAR,7840,2720.588,Barkmeijer Shipyards,,37.95618,23.58574
27,9795660,COSCO SHIPPING PLANET,1469,24090.816,Seaspan Marine Corporation,,5.31994,97.9096
28,9795634,COSCO SHIPPING GALAXY,13008,2096.464,Stabilimento Tecnico Triestino,,55.14382,10.99059
29,9795646,COSCO SHIPPING SOLAR,1132,857.476,Kaiser Shipyards,,4.63252,106.3503
30,9795610,COSCO SHIPPING UNIVERSE,463,29265.304,Harland and Wolff,,39.00122,117.78672
31,9795622,COSCO SHIPPING NEBULA,15802,35445.428,Kaiserliche Werft Danzig,,7.65649,74.07914
32,9780483,MAASTRICHT MAERSK,19139,9795.228,Cantiere navale di Palermo,,49.67945,-3.16122
33,9780445,MANCHESTER MAERSK,5289,49933.624,Marystown Shipyard,,29.8225,122.11652
34,9778806,MUNICH MAERSK,26962,10537.88,Mazagon Dock Limited,,27.40515,121.92013
35,9778820,MILAN MAERSK,5690,63308.768,Okean Shipyard,,29.17027,122.89948
36,9778791,MADRID MAERSK,34184,10749.008,Cantiere navale di Palermo,,37.61503,123.26383
37,9780471,MUMBAI MAERSK,5804,23472.248,Western India Shipyard Limited,,12.862,55.93515
38,9778818,MOSCOW MAERSK,12674,20962.788,Vosper Thornycroft,,4.51025,99.13465
39,9778832,MONACO MAERSK,11319,10211.928,Marystown Shipyard,,7.58968,109.41483
40,9780457,MURCIA MAERSK,5514,2285.368,Shalimar Works (1980) Ltd,,29.79377,122.12388
41,9778844,MARSEILLE MAERSK,1234,12556.56,"Reaney, Son & Archbold",,8.6842,69.88818
42,9780469,MANILA MAERSK,6780,13456.632,Avondale Shipyard,,51.95553,4.00355
43,9776224,OOCL INDONESIA,7266,322.248,Naval Group,,16.78826,40.86946
44,9776183,OOCL GERMANY,174,29407.908,General Engineering & Dry Dock Company,,38.75915,-10.10707
45,9776200,OOCL UNITED KINGDOM,15879,12726.944,Andrée & Rosenqvist,,51.34789,3.18781
46,9776212,OOCL SCANDINAVIA,6872,11904.656,Meyer Werft,,5.97651,94.09219
47,9776195,OOCL JAPAN,6428,17360.648,Los Angeles Shipbuilding and Drydock,,13.30394,49.53178
48,9776171,OOCL HONG KONG,9374,34817.6,Persian Gulf Shipbuilding,,36.33437,-2.97255
49,9773210,MOL TRUTH,18800,4726.304,"Hall, Russell & Company",,34.24173,128.25069
50,9773222,MOL TREASURE,2552,8387.708,Richmond Shipyards,,19.24436,115.54021
51,9769295,MOL TRIBUTE,4529,9021.092,Seaspan Marine Corporation,,30.65266,122.02184
52,9769283,MOL TRUST,4871,937.112,Alexander Stephens and Sons,,19.56864,39.30321
53,9769271,MOL TRIUMPH,506,10424.908,Marinship – Bechtel Shipyards,,34.87177,128.80345
54,9769300,MOL TRADITION,5629,42760.828,Seattle-Tacoma Shipbuilding,,35.71687,121.08004
55,9839301,MSC SIXIN,23089,42032.992,Ailsa Shipbuilding Company,,24.44133,118.03311
56,9839466,MSC MIA,22696,6830.176,Kaiser Shipyards,,29.89173,122.04008
57,9839430,MSC GULSUN,3688,5967.144,Smiths Dock Company,,33.66099,127.86027
58,9839478,MSC FEBE,3222,6043.076,Pemex Construcción,,36.14534,-5.43528
59,9839260,MSC MINA,3263,2672.436,Iguana Yachts,,34.15089,128.21767
60,9839296,MSC NELA,1443,26718.804,Bashundhara Steel & Engineering,,34.18912,-130.24264
61,9839272,MSC ISABELLA,14427,1376.036,William Beardmore and Company,,34.26089,22.05967
62,9839454,MSC LENI,743,20738.696,Naval Group,,51.83371,1.83269
63,9839480,MSC AMBRA,11198,13704.8,James O. Curtis,,35.58779,121.33042
64,9839442,MSC SAMAR,7400,953.78,Robbs,,51.72276,3.24487
65,9839284,MSC ARINA,515,20507.196,Jawaharlal Nehru Port Trust,,18.26615,40.00068
66,9665085,PFLNG SATU,11073,5656.008,Basileiades,,6.44839,115.43464
67,9806897,YUAN YI HAI,3054,2320.556,Damen Shipyards Galați,,-27.08366,45.13553
68,9807061,PACIFIC AUSPICE,1253,3952.168,ThyssenKrupp Marine Systems,,3.11597,100.6795
69,9806940,YUAN HUA HAI,2134,3591.028,Hindustan Shipyard Limited,,-1.7184,-43.8192
70,9806926,YUAN SHEN HAI,1939,26594.72,Bay Shipbuilding Company,,-2.16078,-44.15248
71,9806873,YUAN HE HAI,14360,12573.228,Baglietto,,4.23378,92.16016
72,9806976,PACIFIC UNITY,6789,7522.824,Danziger Werft,,-1.96115,-40.40479
73,9806990,PACIFIC VISION,4062,16305.008,Cantiere navale di Ancona,,-2.09423,-44.08713
74,9807059,PACIFIC PROSPERITY,8804,10728.636,John H. Mathis & Company,,16.1309,115.84014
75,9815214,ORE SHANGHAI,5793,5102.26,Richard Dunston,,-1.74519,-42.48713
76,9807023,ORE TIANJIN,2755,20177.54,Forges et Chantiers de la Gironde,,-20.38148,-40.18219
77,9807047,ORE XIAMEN,10895,26566.94,Tampa Shipbuilding,,-20.37962,-40.06112
78,9807035,ORE DALIAN,14345,22799.972,Meyer Werft,,-20.71459,-39.37624
79,9815238,ORE HONG KONG,12311,2209.436,Howaldtswerke-Deutsche Werft,,-2.09079,-44.14983
80,9807700,ORE GUANGZHOU,1193,33606.392,"CSBC Corporation, Taiwan",,-32.59328,11.91693
81,9807695,ORE SHENZHEN,18146,11687.972,Jawaharlal Nehru Port Trust,,-2.11133,-44.11784
82,9806914,YUAN JIN HAI,6311,19436.74,Rauma shipyard,,-4.11742,-36.04342
83,9807736,PACIFIC FLOURISH,10495,3255.816,FMC Dockyard Limited,,4.33518,92.28942
84,9807748,PACIFIC CAREER,1758,46631.508,Barclay Curle,,-33.07913,15.28896
85,9532537,ORE HEBEI,25179,25342.768,Philadelphia Naval Shipyard,,-2.15792,-44.1342
86,9532549,ORE SHANDONG,13684,30370.948,"Daewoo Shipbuilding & Marine Engineering Co., Ltd.",,-2.14237,-44.12832
87,9522972,ORE CHINA,16399,21386.896,Clelands Shipbuilding Company,,-4.03396,-35.60013
88,9532525,PACIFIC WARRIOR,11548,17744.012,Long Beach Naval Shipyard,,-35.1872,20.73374
89,9565065,SOHAR MAX,9581,55591.484,John Roach & Sons,,19.66185,57.72082
90,9532551,YUAN ZHEN HAI,30017,16193.888,"Daewoo Shipbuilding & Marine Engineering Co., Ltd.",,38.79642,121.97968
91,9532587,YUAN JIAN HAI,8744,10071.176,Kleven Verft,,-33.98065,30.36042
92,9532604,PACIFIC MERCHANTS,5438,36034.364,John I. Thornycroft & Company,,-2.56776,-44.37964
93,9566514,LIWA MAX,19457,1024.156,Stocznia Gdańsk,,19.66099,57.71673
94,9566538,SHINAS MAX,553,25490.928,Israel Shipyards,,19.66717,57.71647
95,9566526,SAHAM MAX,13764,15103.06,Deutsche Werke,,25.19798,56.72195
96,9807009,PACIFIC EXCELLENCE,8155,14714.14,Feadship,,-2.19234,-44.17688
97,9806988,PACIFIC HARVEST,7945,35323.196,John Crown & Sons,,-5.52661,-33.69457
98,9575515,SEA MARANHAO,19073,19071.896,John Brown & Company,,31.97656,126.32111
99,9575486,SEA FUJIYAMA,10298,5455.992,Alexander Stephens and Sons,,-32.79426,10.03346
100,9575462,SEA ESPIRITO SANTO,2946,18319.984,Suez shipyard,,,
101,9575486,SEA FUJIYAMA,9892,24972.368,Charleston Naval Shipyard,,-4.53629,-35.1232
102,9789623,COSCO SHIPPING AQUARIUS,13484,4094.772,Astilleros Argentinos S.A. (ASTARSA),,24.97652,54.53631
103,9572329,SHANDONG DA DE,2211,20901.672,Lürssen,,-33.02315,10.25909
104,9593957,SHANDONG DA ZHI,11286,8159.912,"Hanjin Heavy Industries Co., Ltd.",,-2.55544,-44.38064
105,9488918,ORE BRASIL,4406,4300.344,Oskarshamn Shipyard,,30.43838,122.75991
106,9593919,SHANDONG DA CHENG,2322,30558,Bollinger Shipyards,,30.16523,122.01825
107,9572343,SHANDONG DA REN,16500,25507.596,Caledon Shipbuilding & Engineering Company,,-32.58615,15.32184
108,9789647,COSCO SHIPPING PISCES,13773,33237.844,Federal Shipbuilding & Drydock,,22.56987,114.28813
109,9783497,COSCO SHIPPING ARIES,17947,11171.264,L&T Shipbuilding Limited,,18.19355,114.62802
110,9783514,COSCO SHIPPING CAPRICORN,6032,5157.82,"Hanjin Heavy Industries Co., Ltd.",,53.53083,9.95288
111,9789635,COSCO SHIPPING SCORPIO,2785,15316.04,Charleston Naval Shipyard,,30.63016,122.04975
112,9783502,COSCO SHIPPING LEO,8270,21873.972,Oskarshamn Shipyard,,50.7216,0.86264
113,9708863,AL MURAYKH,11811,5807.872,Baku Shipyard LLC,,5.73049,82.32123
114,9708825,AL DAHNA,3136,13064.008,Feadship,,50.90537,-1.44479
115,9736107,TIHAMA,7054,27079.944,Hanjin Heavy Industries Corporation Philippines,,5.7142,86.67331
116,9708813,AL NEFUD,14622,10263.784,Danziger Werft,,37.64813,8.91576
117,9708851,BARZAN,5542,7148.72,Lürssen,,53.53281,9.91264
118,9708875,AL ZUBARA,3860,20081.236,"CSBC Corporation, Taiwan",,35.68266,121.05337
119,9447550,BERGE JAYA,10843,11739.828,Carso Marina,,18.84075,117.50083
120,9447562,BERGE NEBLINA,6339,5054.108,Ananda Shipyard and Shipways,,-34.0352,28.7559
121,9447536,BERGE EVEREST,2729,28689.332,Forges et Chantiers de la Gironde,,-2.30474,-44.2603
122,9447548,BERGE ACONCAGUA,15491,1642.724,VT Halter Marine,,-4.04851,-36.10582
123,9783526,COSCO SHIPPING GEMINI,887,26491.008,COTECMAR,,6.73618,76.8079
124,9783538,COSCO SHIPPING LIBRA,14304,3944.76,H. C. Stülcken Sohn,,11.86168,72.86454
125,9783459,COSCO SHIPPING TAURUS,2130,24642.712,Asenav,,29.31647,32.67139
126,9783461,COSCO SHIPPING VIRGO,13306,9943.388,Israel Shipyards,,6.96764,107.87197
127,9632143,MARCHEN MAERSK,5369,21477.644,Jiangnan Shipyard,,35.99625,120.25969
128,9632117,MUNKEBO MAERSK,11597,48470.544,Ferretti Group,,53.59708,8.51645
129,9632167,MARIT MAERSK,26172,2244.624,Navantia,,35.86185,121.67333
130,9619921,MARY MAERSK,1212,43836.84,Ferguson Marine Engineering,,22.9844,36.91787
131,9619945,MADISON MAERSK,23670,4863.352,United States Coast Guard Yard,,34.50578,127.98752
132,9619969,MARIBO MAERSK,2626,17521.772,Ferretti Group,,29.6347,122.9732
133,9619983,MATZ MAERSK,9461,26339.144,Deutsche Schiff- und Maschinenbau AG,,1.33323,103.55592
134,9619907,MAERSK MC-KINNEY MOLLER,14222,43470.144,Åbo Skeppswarf,,36.23592,15.43708
135,9619957,MAGLEBY MAERSK,23472,11697.232,Lawrence & Foulks,,30.47935,122.28783
136,9632129,MAREN MAERSK,6316,4291.084,Hanjin Heavy Industries Corporation Philippines,,35.89188,-5.4955
137,9619919,MAJESTIC MAERSK,2317,12210.236,Laivateollisuus,,30.52255,122.41708
138,9632064,MERETE MAERSK,6593,16147.588,"Hyundai Samho Heavy Industries Co., Ltd.",,34.66802,128.88462
139,9632090,MOGENS MAERSK,8719,5172.636,ASC Pty Ltd,,31.56073,32.212
140,9632155,METTE MAERSK,2793,5248.568,F. Schichau,,35.7904,121.04147
141,9619971,MARSTAL MAERSK,2834,43796.096,Ferguson Marine Engineering,,54.38803,18.71102
142,9619995,MAYVIEW MAERSK,23648,18525.556,Jakobson Shipyard,,53.57977,8.53372
143,9619933,MARIE MAERSK,10003,8535.868,Parkol Marine Engineering,,2.24523,104.91893
144,9632105,MORTEN MAERSK,4609,14136.316,Perini Navi,,47.164,-7.20862
145,9632179,MATHILDE MAERSK,7633,19510.82,Vulcan (Turku shipyard),,38.73463,120.433
146,9632131,MARGRETHE MAERSK,10535,35875.092,Puerto Belgrano Naval Base Shipyard,,35.9993,120.26082
147,9755191,MSC ERICA,19371,37593.748,Okean Shipyard,,38.83308,118.19143
148,9762338,MSC MIRJA,20299,5505.996,Severnaya Verf,,57.57528,11.58068
149,9754965,MSC REEF,2973,30563.556,Oregon Shipbuilding Corporation,,6.70999,76.4308
150,9754953,MSC DITTE,16503,20779.44,Richard Dunston,,39.50803,121.4006
151,9762326,MSC JADE,11220,13562.196,Palmers Shipbuilding and Iron Company,,1.27727,103.75514
152,9762340,MSC TINA,7323,29483.84,Dockstavarvet,,37.95564,23.57979
153,9767390,MSC LEANNE,15920,63869.924,Skinner & Eddy Corporation,,1.73242,104.66466
154,9755945,MSC INGY,34487,7493.192,Sevmash,,23.93624,37.27433
155,9755957,MSC ELOANE,4046,23401.872,Commercial Iron Works,,38.78179,-10.07842
156,9767376,MSC MIRJAM,12636,24424.176,Eriksbergs Mekaniska Verkstad,,22.52571,39.09101
157,9755933,MSC DIANA,13188,4504.064,Vosper & Company,,38.45049,15.90347
158,9767388,MSC RIFAYA,2432,11413.876,Arman Brothers,,23.5391,36.90305
159,9708681,MSC SVEVA,6163,9330.376,Timblo Drydocks Private Limited,,8.20988,108.77348
160,9708693,MSC CLARA,5038,12773.244,Jongert,,39.50266,121.40307
161,9703318,MSC ZOE,6897,12799.172,Constanţa Shipyard,,31.20785,32.35451
162,9708679,MSC MAYA,6911,13830.736,Naval Group,,6.28312,77.28743
163,9703306,MSC OLIVER,7468,50418.848,Carso Marina,,41.31136,2.1515
164,9703291,MSC OSCAR,27224,6528.3,Howaldtswerke-Deutsche Werft,,6.77676,75.35657
165,9657179,ICHTHYS VENTURER,3525,16340.196,Deutsche Werft,,-13.96504,123.31499
166,7708302,YUUM K'AK' NAAB,8823,12636.196,Kinabalu North Shipyard & Maritime,,19.60137,-92.29511
167,9777216,MSC VIVIANA,6823,10839.756,ABG Shipyard Limited,,12.29446,47.91676
168,9777204,MSC ANNA,5853,21972.128,Robbs,,33.45986,128.56179
169,9695121,CSCL GLOBE,11864,48144.592,Okean Shipyard,,26.34034,121.05117
170,9695145,CSCL ATLANTIC OCEAN,25996,598.196,Jeanneau,,30.66875,122.80645
171,9695157,CSCL INDIAN OCEAN,323,9061.836,IAI Ramta,,24.81638,54.66521
172,9695169,CSCL ARCTIC OCEAN,4893,2424.268,Mitsubishi Heavy Industries,,30.49125,122.47705
173,9695133,CSCL PACIFIC OCEAN,1309,322.248,Zihuatanejo Marina,,29.88995,122.06357
174,9826548,IONA,174,13489.968,Kherson Shipyard,,53.55934,8.553
175,9781889,COSTA SMERALDA,7284,7463.56,PN Dockyard,,43.34328,5.33603
176,9781865,AIDANOVA,4030,1998.308,Mort's Dock,,28.47386,-16.24483
177,9706889,CMA CGM VASCO DE GAMA,1079,41690.372,Deutsche Werft,,33.5301,25.35902
178,9706906,CMA CGM ZHENG HE,22511,32941.524,Dalian Shipbuilding Industry Company,,53.53053,9.91857
179,9706891,CMA CGM BENJAMIN FRANKLIN,17787,5322.648,Vickers Limited,,7.75757,70.79168
180,9803613,MSC GRANDIOSA,2874,3535.468,Astilleros Argentinos S.A. (ASTARSA),,42.09803,11.77557
181,9454448,CMA CGM ALEXANDER VON HUMBOLDT,1909,5870.84,John Trumpy & Sons,,38.50173,121.02113
182,9647461,MSC HAMBURG,3170,2424.268,Zalyv Shipbuilding yard,,12.90396,110.164
183,9606302,MSC LONDON,1309,5348.576,Basileiades,,40.89712,27.47048
184,9606314,MSC NEW YORK,2888,4254.044,Stocznia Szczecińska Nowa,,7.34665,77.28218
185,9647473,MSC VENICE,2297,28130.028,Kawasaki Shipbuilding Corporation,,33.73254,-118.24705
186,9606338,MSC AMSTERDAM,15189,3728.076,Kawasaki Shipbuilding Corporation,,28.8494,123.99263
187,9606326,MSC ISTANBUL,2013,26098.384,China Shipbuilding Industry Corporation,,6.52941,77.06974
188,9454450,CMA CGM JULES VERNE,14092,29068.992,Jeanneau,,-21.28245,6.8296
189,8420804,BERGE STAHL,15696,4446.652,Portsmouth Naval Shipyard,,5.32294,114.98933
190,9702132,CMA CGM KERGUELEN,2401,50346.62,Ailsa Shipbuilding Company,,22.50125,113.84468
191,9702144,CMA CGM GEORG FORSTER,27185,2487.236,Chantiers et Ateliers Augustin Normand,,31.45488,32.39592
192,9702156,CMA CGM BOUGAINVILLE,1343,23242.6,Odense Steel Shipyard,,3.85758,92.1411
193,9454436,CMA CGM MARCO POLO,12550,29569.032,Benetti,,18.03863,114.38418
194,9850111,K. IRON MOUNTAIN,15966,15495.684,PN Dockyard,,1.40169,104.42376
195,9839935,CMA CGM CHILE,8367,7998.788,Levis,,53.52904,9.91731
196,9839911,CMA CGM MEXICO,4319,10419.352,Pearl Harbor Naval Shipyard,,8.2455,-15.24991
197,9839909,CMA CGM ARGENTINA,5626,24200.084,Yantai Raffles Shipyard,,39.25311,-10.10479
198,9839923,CMA CGM PANAMA,13067,1340.848,William Hamilton and Company,,41.38966,140.32696
199,9860245,CMA CGM BRAZIL,724,29746.824,Aegean Yachts Shipyard,,34.73556,126.37558
200,8410108,RUHR N,16062,9982.28,Navantia,,,
201,9113977,PROF JOHN EVANS ATTA MILLS,5390,14249.288,Kriegsmarinewerft Wilhelmshaven,,4.59176,-3.13953
202,9760512,MSC MERAVIGLIA,7694,51935.636,Alabama Drydock & Shipbuilding,,25.38873,-79.22378
203,9321495,ESTELLE MAERSK,28043,17644.004,Kawasaki Shipbuilding Corporation,,22.50197,113.84473
204,9321512,EVELYN MAERSK,9527,33689.732,Hans Ditlev Bendixsen,,53.52608,9.92448
205,9321500,ELEONORA MAERSK,18191,29670.892,Karachi Shipyard & Engineering Works,,22.50555,113.84109
206,9321536,ELLY MAERSK,16021,41003.28,Brown Shipbuilding,,31.78643,31.86269
207,9321548,EDITH MAERSK,22140,17438.432,Robert Napier and Sons,,6.72784,76.79791
208,9321524,EBBA MAERSK,9416,2657.62,Ailsa Shipbuilding Company,,46.40516,-7.43509
209,9321550,EUGEN MAERSK,1435,2226.104,Barkmeijer Shipyards,,25.02409,55.05531
210,9321483,EMMA MAERSK,1202,9982.28,Parkol Marine Engineering,,34.22668,24.3002
211,9760524,MSC BELLISSIMA,5390,24568.632,Regio Cantiere di Castellammare di Stabia,,25.27907,55.28857
212,9445459,OLYMPIC LION,13266,16401.312,BHP Limited,,19.65998,64.02616
213,9470040,OLYMPIC LEOPARD,8856,34973.168,Uljanik,,-32.62897,10.47199
214,9445461,OLYMPIC TROPHY,18884,20055.308,Henry Scarr,,7.52976,103.85216
215,9437177,OLYMPIC TRUST,10829,14073.348,Kriegsmarinewerft Wilhelmshaven,,-34.21717,12.78895
216,9834430,SAN RAMON VOYAGER,7599,6841.288,Baltic Workboats Shipyard,,5.57865,91.53793
217,9424211,OLYMPIC LUCK,3694,26739.176,BAE Systems Maritime – Submarines,,27.27151,51.58864
218,9445473,ATHERINA,14438,25209.424,Taikoo Dockyard,,-31.86506,115.61695
219,9045455,FSO UOTE 1,13612,46312.964,Hudong-Zhonghua Shipbuilding,,39.98433,119.829
220,9632002,APL SINGAPURA,25007,14786.368,General Dynamics,,14.32387,50.92529
221,9631967,APL LION CITY,7984,3704,Philadelphia Naval Shipyard,,27.28497,121.64885
222,9713105,MOL FSRU CHALLENGER,2000,14221.508,Blohm+Voss,,35.74713,34.95708
223,9751511,NORWEGIAN ENCORE,7679,11028.66,New England Shipbuilding Corporation,,27.20023,-76.62086
224,9656101,ANTHEM OF THE SEAS,5955,13788.14,Hietalahti shipyard,,25.79405,-78.20628
225,9549463,QUANTUM OF THE SEAS,7445,1070.456,Fairfields,,-5.6062,117.01848
226,9778856,SPECTRUM OF THE SEAS,578,7539.492,"Samsung Heavy Industries Co., Ltd.",,14.56343,120.88619
227,9697753,OVATION OF THE SEAS,4071,7556.16,Kinabalu North Shipyard & Maritime,,8.09132,109.74642
228,9200847,FPSO CIDADE DE MARICA,4080,9285.928,Walkers Limited,,-25.44773,-42.75303
229,9372743,AL GHUWAIRIYA,5014,8465.492,Ingalls Shipbuilding,,19.59507,119.6287
230,9388821,AL SAMRIYA,4571,20597.944,Royal Huisman,,2.45862,101.57476
231,9388819,LIJMILIYA,11122,3768.82,Zidell Marine,,37.3375,126.58237
232,9751509,NORWEGIAN BLISS,2035,13706.652,MIL-Davie Shipbuilding,,33.96225,-75.12915
233,9703796,NORWEGIAN JOY,7401,25922.444,Boustead Naval Shipyard,,32.33547,-117.8155
234,9631981,APL CHANGI,13997,27989.276,Acapulco shipyards (Acapulco Naval Shipbuilding),,2.91888,101.28498
235,9631955,APL TEMASEK,15113,11273.124,Mitsubishi Heavy Industries,,1.25774,103.78769
236,9631993,APL VANDA,6087,37136.304,Denny,,38.81636,119.5169
237,9631979,APL RAFFLES,20052,21692.476,Thornycroft,,31.47602,123.19967
238,9632026,APL FULLERTON,11713,11662.044,Seattle-Tacoma Shipbuilding,,38.95113,-10.09775
239,9632014,APL MERLION,6297,416.7,INACE,,34.0643,122.59342
240,9590058,BOYACA,225,29861.648,Brodogradilište 3. Maj,,15.70008,68.66976
241,9623257,CARABOBO,16124,9187.772,Western Marine Shipyard,,-32.55128,18.13825
242,9590008,AYACUCHO,4961,22622.18,Jeffersonville Boat & Machine,,10.20233,-64.76319
243,9740483,FPSO CIDADE DE CARAGUATATUBA MV27,12215,17093.96,Gladding-Hearn Shipbuilding,,-25.51765,-43.46625
244,9385037,DHT LOTUS,9230,25994.672,Vickers-Armstrongs,,-34.31197,26.52932
245,9385843,DHT PEONY,14036,2359.448,AG Weser,,1.31367,104.3672
246,9693745,MILTIADIS JUNIOR,1274,11784.276,A. Leslie and Company,,43.33745,4.94548
247,9516923,DELTA AIGAION,6363,2622.432,NQEA Australia,,-31.50714,35.80969
248,9516935,DELTA APOLLONIA,1416,10128.588,Meyer Werft,,7.92487,76.35819
249,9748916,DELTA AMAZON,5469,12154.676,John Brown & Company,,-29.31895,41.23941
250,9595228,DALIAN,6563,13704.8,Odense Steel Shipyard,,28.58241,-94.24006
251,9595216,BOSTON,7400,28678.22,Heesen Yachts,,-32.54268,14.71266
252,9602289,HONG KONG SPIRIT,15485,23800.052,Naval Dockyard (Bombay),,2.51143,-45.541
253,9569669,DORENA,12851,26461.376,Mazagon Dock Limited,,,
254,9602289,HONG KONG SPIRIT,14288,17097.664,Fincantieri,,2.29209,-45.22168
255,9569671,DINO I,9232,33860.116,John Trumpy & Sons,,1.19352,103.84774
256,9569671,DINO I,18283,19429.332,Winslow Marine Railway & Shipbuilding,,1.19352,103.84774
257,9759604,NEW RENOWN,10491,2281.664,Helsingfors Skeppsdocka,,8.72334,109.08595
258,9708526,NEW ENERGY,1232,39630.948,F. Schichau,,3.15104,91.42573
259,9706413,NEW COMFORT,21399,9080.356,Bath Iron Works,,6.38695,-50.14752
260,9686364,NEW VOYAGE,4903,9087.764,China State Shipbuilding Corporation,,3.63747,105.48257
261,9689990,NEW TRIUMPH,4907,4504.064,"Bethlehem Shipbuilding Corporation, Limited (BethShip)",,22.86183,60.94866
262,9653408,AL FUNTAS,2432,916.74,Goa Shipyard Limited,,5.7077,84.2357
263,9653422,AL YARMOUK,495,14082.608,Charleston Naval Shipyard,,15.24082,115.70132
264,9677076,NORWEGIAN ESCAPE,7604,18136.636,Mare Island Naval Shipyard,,25.77347,-80.16143
265,9706396,NEW MERIT,9793,21738.776,Admiralty Shipyard,,38.70457,120.88716
266,9569619,SNOW,11738,13388.108,"Henry B. Nevins, Incorporated",,29.78285,122.68305
267,9569619,SNOW,7229,14486.344,Richardson Devine Marine,,29.78267,122.68251
268,9486491,NEW JOVIALITY,7822,13534.416,Labuan Shipyard and Engineering,,3.32428,91.43792
269,9486506,NEW WISDOM,7308,27520.72,Åbo Skeppswarf,,4.51129,99.42395
270,9486518,NEW VIGOROUS,14860,21985.092,Inebolu Shipyard,,49.66683,0.13
271,9537757,SANDRA,11871,44973.968,Barclay Curle,,-6.62685,104.90764
272,9537769,SIMONE,24284,2442.788,Allied Shipbuilders Ltd.,,38.82872,122.04005
273,9537745,SARA,1319,49824.356,Alameda Works Shipyard,,-33.07705,11.25146
274,9537771,SONIA,26903,54878.464,Poole & Steel Limited,,1.82875,102.51271
275,9534028,KUN LUN SAN,29632,17534.736,Strategic Marine Mazatlán,,19.63854,117.77727
276,9534004,WU TAI SAN,9468,33837.892,Cochin Shipyard Limited,,7.76635,84.87049
277,9595618,C. INNOVATOR,18271,16868.016,Keppel Philippines Marine Batangas Shipyard,,29.69262,123.04952
278,9178757,ARMADA OLOMBENDO FPSO,9108,31413.624,Mitsubishi Heavy Industries,,-6.06851,11.35799
279,9164835,JOHN AGYEKUM KUFUOR,16962,35623.22,Poole & Steel Limited,,4.46811,-2.5541
280,9164835,JOHN AGYEKUM KUFUOR,19235,14373.372,Avondale Shipyard,,4.46811,-2.5541
281,9118393,ENERGY STAR,7761,7385.776,Vyborg Shipyard,,1.23775,103.53999
282,9500924,IZKI,3988,36610.336,Holland Jachtbouw Zaandam BV,,1.23417,103.99683
283,9500728,AS SUWAYQ,19768,40514.352,Caledon Shipbuilding & Engineering Company,,-34.74093,27.0427
284,9500936,BUKHA,21876,35363.94,Bollinger Shipyards,,27.41074,-96.41291
285,9500716,SEEB,19095,28102.248,Fairfields,,24.84523,57.14376
286,9500730,HABRUT,15174,23507.436,VT Halter Marine,,1.2035,103.56867
287,9030967,STELLAR SAMBA,12693,8948.864,FB Design,,5.19155,115.24098
288,9030943,STELLAR NEPTUNE,4832,9928.572,A&P Tees,,5.30969,115.04276
289,9237773,HILWAH,5361,11176.82,Boustead Naval Shipyard,,22.93137,38.16047
290,9237797,LULU,6035,18132.932,Hudong-Zhonghua Shipbuilding,,28.52659,-94.27322
291,9237761,TINAT,9791,24264.904,Poole & Steel Limited,,23.80221,38.40104
292,9357729,DAN,13102,664.868,John Brown & Company,,,
293,9237761,TINAT,359,613.012,Kleven Verft,,23.78972,38.39439
294,9357717,DORE,331,17471.768,John I. Thornycroft & Company,,2.9345,100.8905
295,9534030,QI LIAN SAN,9434,30228.344,Germaniawerft,,49.93329,-3.59446
296,9534042,CHANG BAI SAN,16322,42099.664,Bashundhara Steel & Engineering,,2.80677,104.7863
297,9679593,ZOURVA,22732,49192.824,Philly Shipyard,,4.49093,81.24731
298,9180138,FPSO CIDADE DE CAMPOS DOS GOYTACAZES MV29,26562,19877.516,Kawasaki Shipbuilding Corporation,,-22.95239,-40.72525
299,9614050,XIN LIAN YANG,10733,24948.292,Brodogradilište 3. Maj,,1.21069,103.52845
300,9830824,HILLAH,13471,19801.584,Lake Washington Shipyard,,1.18639,103.63436
301,9431214,ZARGA,10692,26663.244,Boustead Langkawi Shipyard,,26.23363,53.76271
302,9397298,AL MAYEDA,14397,3828.084,Laivateollisuus,,35.6992,17.75291
303,9337755,MOZAH,2067,33132.28,Acapulco shipyards (Acapulco Naval Shipbuilding),,22.44169,37.3583
304,9397303,MEKAINES,17890,21994.352,Chesapeake Shipbuilding,,15.80793,66.79593
305,9388833,BU SAMRA,11876,18384.804,Philly Shipyard,,22.60105,122.45833
306,9443683,AL DAFNA,9927,2840.968,Flender Werke,,22.90706,60.13256
307,9443401,AAMIRA,1534,5917.14,General Dynamics,,31.39363,32.27636
308,9418365,SHAGRA,3195,16058.692,Fairfields,,51.69813,-5.08254
309,9443413,RASHEEDA,8671,8191.396,Portsmouth Naval Shipyard,,26.13638,52.4191
310,9397315,AL MAFYAR,4423,36078.812,Pearl Harbor Naval Shipyard,,27.58925,34.07733
311,9102253,ATBAN,19481,8356.224,Clelands Shipbuilding Company,,,
312,9397315,AL MAFYAR,4512,32480.376,Holland Jachtbouw Zaandam BV,,26.90694,34.73446
313,9102277,PERON,17538,49368.764,Maryland Drydock,,38.80203,120.84725
314,9102277,PERON,26657,2757.628,Newport News Shipbuilding & Drydock,,38.41315,121.41503
315,9205093,GRACE STAR,1489,3687.332,Gölcük Naval Shipyard,,1.2464,103.52225
316,9205081,WINSON NO. 5,1991,19751.58,Richard Dunston,,1.23238,103.56007
317,9133850,CS DEVELOPMENT,10665,24879.768,Denny,,1.26109,103.58592
318,9357183,HUGE,13434,20666.468,"Reaney, Son & Archbold",,25.39033,56.58767
319,9357391,HELM,11159,27628.136,Laivateollisuus,,26.85754,56.47904
320,9357391,HELM,14918,49872.508,Palmers Shipbuilding and Iron Company,,26.85761,56.47971
321,9813448,DHT STALLION,26929,23724.12,Carso Marina,,36.14058,-9.89826
322,9307633,BALTIC SUNRISE,12810,9432.236,Lawrence & Foulks,,4.2471,92.85422
323,9307645,BALTIC GLORY,5093,24040.812,Elefsis Shipyards,,19.45493,38.81507
324,9307645,BALTIC GLORY,12981,18629.268,Austal USA,,18.82678,39.15873
325,9365776,MAZYONAH,10059,9165.548,Gladding-Hearn Shipbuilding,,19.72673,-19.06524
326,9365752,MARBAT,4949,1253.804,Flender Werke,,1.44983,103.08917
327,9365764,MANAH,677,9328.524,Nakilat Damen Shipyards Qatar,,9.39995,-19.18145
328,9827683,RICHMOND VOYAGER,5037,35984.36,Keppel Philippines Marine Batangas Shipyard,,4.06872,90.34002
329,9441245,SIFA,19430,2109.428,Gladding-Hearn Shipbuilding,,37.72354,123.04392
330,9501150,FIDA,1139,13132.532,Chester Shipbuilding,,-32.32625,10.71233
331,9501162,DABA,7091,3163.216,Naval Dockyard (Visakhapatnam),,20.38217,63.1375
332,9501174,TAQAH,1708,4624.444,Alexander Stephens and Sons,,-36.0805,14.4615
333,9484730,NISALAH,2497,27444.788,Keppel Philippines Marine Subic Shipyard,,-22.7263,54.47449
334,9484716,NIBAN,14819,32500.748,Hooghly Dock & Port Engineers Limited,,29.51373,32.53188
335,9484742,FARHAH,17549,44194.276,Boustead Langkawi Shipyard,,1.1948,103.61898
336,9663843,KYO-EI,23863,1403.816,Kuznya na Rybalskomu,,15.34967,69.17032
337,9083108,FPSO CIDADE DE ILHABELA,758,43401.62,Seaspan Marine Corporation,,-25.67189,-43.206
338,9761475,XIN WEI YANG,23435,15341.968,Boston Navy Yard,,-5.51297,12.00047
339,9353797,FRONT ENDURANCE,8284,20829.444,Cantiere navale di Riva Trigoso,,32.92083,-29.6434
340,9534781,UMM AL AISH,11247,7633.944,Gas Engine & Power Company & Charles L. Seabury Company,,29.8055,123.95228
341,9534793,AL SALMI,4122,11219.416,Maryland Drydock,,26.53269,51.8506
342,9534779,DAR SALWA,6058,13273.284,Gölcük Naval Shipyard,,2.85367,100.98322
343,9727223,LANDBRIDGE PROSPERITY,7167,46657.436,Lödöse varv,,12.34818,112.90346
344,9727194,COSWISDOM LAKE,25193,3791.044,Benetti,,11.06701,111.59997
345,9783356,COSFLOURISH LAKE,2047,34843.528,ABG Shipyard Limited,,-7.63057,11.80485
346,9727209,COSDIGNITY LAKE,18814,39104.98,Chantiers Navals Français,,-43.47049,-76.67545
347,9783332,COSHONOUR LAKE,21115,15717.924,Kuznya na Rybalskomu,,-17.41712,5.32271
348,9727211,LANDBRIDGE FORTUNE,8487,13810.364,Marine Industries,,-27.50774,42.55951
349,9371749,DESH VISHAL,7457,26526.196,AG Weser,,5.6322,80.02998
350,9527295,MARAN THALEIA,14323,10860.128,Danziger Werft,,-33.38582,15.74168
351,9519494,MARAN TAURUS,5864,12025.036,MIL-Davie Shipbuilding,,3.61147,91.05616
352,9519482,KIDAN,6493,2715.032,Heesen Yachts,,23.44324,38.43716
353,9524970,WEDYAN,1466,15647.548,Newport News Shipbuilding & Drydock,,26.92563,50.08297
354,9384227,JALADI,8449,6922.776,Inebolu Shipyard,,31.13192,29.56687
355,9384239,KARAN,3738,12241.72,Kaiserliche Werft Kiel,,24.59392,57.7874
356,9378541,JAHAM,6610,4802.236,Davie Shipbuilding,,31.71374,32.02813
357,9384215,KHUZAMA,2593,33761.96,Vickers Shipbuilding and Engineering,,11.3658,-27.3556
358,9457452,CHLOE V,18230,17503.252,Allied Shipbuilders Ltd.,,10.74527,111.10043
359,9480837,HRA,9451,9109.988,Bartram & Sons,,-33.90283,18.22283
360,9352561,ANDROMEDA,4919,31076.56,Vickers Shipbuilding and Engineering,,25.23783,56.55212
361,9389899,BASRA,16780,353.732,Barclay Curle,,36.84062,122.27215
362,9421984,C. DIGNITY,191,9784.116,Ferretti Group,,-34.14355,29.1182
363,9839856,MAYASAN,5283,19331.176,Thornycroft,,27.12179,50.29791
364,9740342,TRF HORTEN,10438,9687.812,Chantiers et Ateliers Augustin Normand,,3.06303,100.74932
365,9799214,NEW TREASURE,5231,17718.084,Flender Werke,,7.53965,-17.47532
366,9837638,UNIVERSAL VICTOR,9567,1316.772,John Brown & Company,,8.98374,-53.34569
367,9837626,UNIVERSAL CREATOR,711,17255.084,Dockstavarvet,,5.88149,84.81897
368,9830800,AMYNTAS,9317,34693.516,Regio Cantiere di Castellammare di Stabia,,51.92851,2.92615
369,9597252,EAGLE VARNA,18733,7774.696,Basileiades,,-28.11508,44.37655
370,9421427,MARAN THETIS,4198,29235.672,Hindustan Shipyard Limited,,17.61565,83.3182
371,9448700,DILAM,15786,46301.852,ASMAR,,26.9393,50.03467
372,9455662,DHT OPAL,25001,16467.984,Los Angeles Shipbuilding and Drydock,,31.93958,124.15345
373,9421415,ARSAN,8892,13367.736,New England Shipbuilding Corporation,,1.29683,104.13223
374,9597276,EAGLE VERSAILLES,7218,31304.356,Morrison & Sinclair,,33.75627,-118.21805
375,9597264,EAGLE VERONA,16903,11374.984,Fairfields,,5.58144,81.42117
376,9590876,DHT SUNDARBANS,6142,34597.212,Levis,,4.20503,8.05619
377,9416654,XIN SHEN YANG,18681,31465.48,Black Sea Shipyard,,24.83545,57.97722
378,9416630,XIN XIA YANG,16990,14267.808,Jong Shyn Shipbuilding Company,,24.78602,122.38318
379,9805099,TEDORIGAWA,7704,19897.888,MIL-Davie Shipbuilding,,33.43028,134.89416
380,9292187,SEAKING,10744,14373.372,Neorion,,23.03069,63.19585
381,9291286,ATHINA II,7761,62247.572,Oregon Shipbuilding Corporation,,-34.92884,26.14116
382,9683685,VL PRIME,33611,9695.22,Flensburger Schiffbau-Gesellschaft,,25.37802,56.9869
383,9734642,SEAWAYS TYBEE,5235,5283.756,Walkers Limited,,30.16427,122.01893
384,9727039,SEAWAYS DIAMOND HEAD,2853,19729.356,Kinabalu North Shipyard & Maritime,,1.59532,102.85518
385,9241114,PERFECT,10653,32973.008,SAFE Boats International LLC,,18.07227,67.43753
386,9241102,TRIDENT PROSPERITY,17804,21272.072,Keppel Philippines Marine Subic Shipyard,,6.95815,108.60557
387,9845685,NISSOS RHENIA,11486,37449.292,Ateliers et Chantiers de la Loire,,26.86977,52.63676
388,9845697,NISSOS DESPOTIKO,20221,6472.74,Jong Shyn Shipbuilding Company,,24.63233,57.91372
389,9826122,MARIA P. LEMOS,3495,15608.656,Philadelphia Naval Shipyard,,1.22742,103.46703
390,9602655,SEA GEM,8428,392.624,China State Shipbuilding Corporation,,-28.23433,42.14647
391,9602643,RED NOVA,212,2140.912,Ateliers et Chantiers de Saint-Nazaire Penhoët,,-31.97209,16.05214
392,9790270,MARAN AJAX,1156,7563.568,Swan Hunter,,25.53382,56.93421
393,9776559,SOPHIA,4084,10563.808,BAE Systems Maritime – Naval Ships,,-1.34269,107.77397
394,9753002,MARAN ARTEMIS,5704,15790.152,Cantiere navale di Riva Trigoso,,-16.83423,3.42631
395,9776547,MARAN ARETE,8526,16769.86,Amur Shipbuilding Plant,,7.48317,108.63619
396,9810381,MARAN APHRODITE,9055,5752.312,Hawthorn Leslie and Company,,1.7137,102.62573
397,9796872,MARAN ARES,3106,30667.268,Schichau Seebeckwerft,,1.22848,103.68185
398,9532757,OCEANIS,16559,26092.828,Lehtoniemi,,-27.65205,9.80392
399,9289477,DHT CONDOR,14089,4492.952,Bartram & Sons,,-34.50142,17.66492
400,9234654,EAGLE VERMONT,2426,18899.66,Richmond Shipyards,,23.99612,63.40928
401,9230880,SEAWAYS MULAN,10205,6144.936,OceAnco,,1.12245,104.19643
402,9290775,SEA LYNX,3318,8474.752,Bay Shipbuilding Company,,57.41817,10.76413
403,9230878,EAGLE VIRGINIA,4576,20168.28,BLRT Grupp,,28.71535,50.15878
404,9297498,DESH VAIBHAV,10890,15282.704,STX Finland,,22.56115,69.70082
405,9297486,DESH UJAALA,8252,18636.676,Astilleros Argentinos S.A. (ASTARSA),,22.56877,69.6783
406,9530905,ALSACE,10063,5913.436,Hongkong United Dockyards,,-3.81158,-35.99036
407,9289726,ARGENTA,3193,10395.276,Caledon Shipbuilding & Engineering Company,,23.47588,38.47055
408,9290086,TI HELLAS,5613,27948.532,Naval Dockyard (Visakhapatnam),,29.6152,48.86687
409,9329693,KAZIMAH III,15091,5205.972,Cantiere navale del Muggiano,,29.92752,121.99128
410,9329708,AL JABRIYAH II,2811,12625.084,Brodogradilište 3. Maj,,19.63107,119.72718
411,9290347,IVONNE,6817,18290.352,Ferretti Group,,1.302,104.13518
412,9852119,SEA EMERALD,9876,5956.032,Götaverken,,-24.68422,54.49368
413,9851830,HUNTER ATLA,3216,16429.092,A. Leslie and Company,,38.87361,122.07031
414,9855331,GHILLIE,8871,30822.836,Taikoo Dockyard,,49.1382,-6.60926
415,9387554,KAOMBO SUL,16643,28480.056,Rauma shipyard,,-7.36312,11.37382
416,9602928,CAPTAIN X KYRIAKOU,15378,20546.088,Moore Dry Dock Company,,1.2002,103.55689
417,9602916,ATHENIAN FREEDOM,11094,18338.504,Kaiser Shipyards,,1.34403,104.39752
418,9212929,HENNA,9902,26398.408,VT Halter Marine,,,
419,9212888,HEDY,14254,28561.544,Chantiers et Ateliers Augustin Normand,,,
420,9212929,HENNA,15422,3863.272,A&P Tees,,,
421,9212917,HASNA,2086,4242.932,"Daewoo Shipbuilding & Marine Engineering Co., Ltd.",,,
422,9602916,ATHENIAN FREEDOM,2291,11150.892,Andrée & Rosenqvist,,1.34403,104.39752
423,9212905,HAPPINESS I,6021,5220.788,Alexandria Shipyard,,26.90149,56.45531
424,9528794,DHT AMAZON,2819,4900.392,A&P Tees,,5.53986,83.60249
425,9286073,ADVENTURE,2646,54682.152,Seaspan Marine Corporation,,-24.90482,51.80292
426,9246645,HAWK,29526,29774.604,Moore Dry Dock Company,,9.07212,109.91928
427,9238856,FALCON,16077,36382.54,Perno shipyard,,31.68412,121.8658
428,9233753,EAGLE,19645,24764.944,Western Marine Shipyard,,1.19973,103.5429
429,9237632,MARAN TRITON,13372,22301.784,Denny,,2.61605,101.43277
430,9254082,GENE,12042,34512.02,Pennellville Historic District,,2.31007,101.99725
431,9237620,SEA LION,18635,857.476,Rauma shipyard,,8.23317,-54.8792
432,9315159,DHT EUROPE,463,30909.88,Commercial Iron Works,,23.75908,60.49097
433,9315147,DHT SCANDINAVIA,16690,10860.128,Barclay Curle,,23.53642,122.83897
434,9831816,OLYMPIC LYRA,5864,31280.28,Denny,,-33.8382,17.26609
435,9387578,ELIZA,16890,14202.988,Gladding-Hearn Shipbuilding,,28.90858,-89.8812
436,9387566,IOANNA,7669,13973.34,Constructions Mécaniques de Normandie,,2.75773,104.96148
437,9288875,MARAN ANDROMEDA,7545,8508.088,SIMA,,20.01923,86.61567
438,9386964,DORRA,4594,27613.32,TECO Maritime,,25.83548,124.02933
439,9332535,WAFRAH,14910,39836.52,Hong Kong and Whampoa Dock,,-0.23192,106.794
440,9386952,KAHLA,21510,6674.608,Toronto Drydock Company,,24.37003,58.37437
441,9388273,SAHBA,3604,4392.944,Ananda Shipyard and Shipways,,1.19357,103.60243
442,9387009,GHAZAL,2372,5222.64,Keppel Philippines Marine Subic Shipyard,,27.10193,50.26868
443,9838008,ESTEEM ASTRO,2820,6157.9,Dyle et Bacalan,,33.63361,128.369
444,9529956,INGRID,3325,5042.996,Gulf Shipbuilding,,59.51783,3.88907
445,9588392,ILMA,2723,359.288,Ateliers et Chantiers de Saint-Nazaire Penhoët,,-29.67948,31.22514
446,9605190,C. INFINITY,194,36201.044,Harland and Wolff,,35.28658,130.17274
447,9643283,C. FREEDOM,19547,19768.248,Kaiser Shipyards,,-20.85857,59.08469
448,9605205,C. PROGRESS,10674,41047.728,Austin & Pickersgill,,3.77027,91.46945
449,9830977,KHK MAJESTY,22164,38264.172,Adelaide Steamship Company,,8.23445,-82.79346
450,9060338,STELLAR RIO,20661,21829.524,Philadelphia Naval Shipyard,,22.13619,91.71347
451,9060314,STELLAR MAGIC,11787,34173.104,Zihuatanejo Marina,,5.3184,115.02228
452,9422146,C. ETERNITY,18452,15410.492,Neorion,,24.24954,123.27307
453,9419474,APOLYTARES,8321,36310.312,Long Beach Naval Shipyard,,1.27753,103.91486
454,9422160,C. PRIMACY,19606,7048.712,Lürssen,,33.03992,126.81591
455,9389033,GEORGIOS,3806,5667.12,Oskarshamn Shipyard,,5.53575,107.21083
456,9848211,TANZAWA,3060,16066.1,Bharati Shipyard Limited,,6.33214,107.97536
457,9848211,TANZAWA,8675,2359.448,Brooklyn Navy Yard,,6.86774,108.46928
458,9218454,DEVON,1274,6889.44,The Pageants,,26.53967,53.62067
459,9218454,DEVON,3720,12182.456,Meyer Turku,,26.53967,53.62067
460,9596947,HOUSTON,6578,22348.084,Parkol Marine Engineering,,2.31267,101.97675
461,9410234,LEONIDAS,12067,12884.364,Tebma Shipyard Limited,,1.20171,103.57706
462,9830094,FRONT DEFENDER,6957,14293.736,Electric Boat Corporation,,1.41955,104.49898
463,9519717,AWTAD,7718,18623.712,Hanjin Heavy Industries Corporation Philippines,,28.86216,-90.04087
464,9770646,ELBHOFF,10056,36056.588,Kockums Naval Solutions,,3.00862,100.82803
465,9048122,STELLAR TOPAZ,19469,8217.324,Hawthorn Leslie and Company,,5.24926,115.03452
466,9734654,GENER8 SUPREME,4437,14858.596,AG Weser,,24.56339,57.61417
467,9362889,PACIFIC VOYAGER,8023,38214.168,Deutsche Schiff- und Maschinenbau AG,,8.21475,-82.87455
468,9310159,DHT HAWK,20634,13360.328,Feadship,,1.26843,104.20754
469,9310159,DHT HAWK,7214,27744.812,OceAnco,,1.26843,104.20754
470,9452672,MESDAR,14981,22627.736,Swan Hunter,,28.95032,48.77501
471,9515436,M. STAR,12218,32330.364,John Readhead & Sons,,12.62636,72.14598
472,9316701,ASIAN PROGRESS V,17457,6552.376,Philly Shipyard,,-6.76496,9.80704
473,9294252,OTOWASAN,3538,4113.292,Arman Brothers,,22.58917,69.80825
474,9183324,NDROS,2221,27759.628,John Crown & Sons,,24.21326,52.59016
475,9424273,OLYMPIC LIGHT,14989,1037.12,Aegean Yachts Shipyard,,-25.13019,-46.06499
476,9814117,GEN-EI,560,17360.648,Hongkong United Dockyards,,34.94854,136.71336
477,8715027,OSX 3,9374,24809.392,Seaspan Marine Corporation,,-23.13408,-41.07123
478,9405227,NEW ENTERPRISE,13396,5396.728,Jong Shyn Shipbuilding Company,,42.12781,141.73516
479,9180255,RIDGEBURY PRIDE,2914,24513.072,Alameda Works Shipyard,,15.49597,108.76647
480,9180164,RIDGEBURY PURPOSE,13236,34360.156,German Naval Yards Kiel,,,
481,9180164,RIDGEBURY PURPOSE,18553,5785.648,Ateliers et Chantiers de Saint-Nazaire Penhoët,,-33.87805,30.07054
482,9294329,YUFUSAN,3124,29620.888,Thames Ironworks and Shipbuilding Company,,25.34401,51.82431
483,9180152,RIDGEBURY PROGRESS,15994,21666.548,Asenav,,1.26049,103.4649
484,9513751,PHOENIX VIGOR,11699,14517.828,Colombo Dockyard,,10.62732,-57.60913
485,9454498,TSUGARU,7839,7217.244,Poole & Steel Limited,,25.15761,124.1204
486,9562697,GASSAN,3897,1340.848,Aegean Yachts Shipyard,,31.18198,130.71846
487,9411965,ATHENIAN HARMONY,724,8330.296,Schichau Seebeckwerft,,1.20543,103.55087
488,9409247,ATHENIAN VICTORY,4498,28263.372,Flensburger Schiffbau-Gesellschaft,,15.85095,70.8809
489,9429302,ATHENIAN GLORY,15261,33267.476,John Trumpy & Sons,,8.28823,75.82907
490,9411953,ATHENIAN SUCCESS,17963,36612.188,Shalimar Works (1980) Ltd,,-4.81048,11.78782
491,9313149,INDIGO NOVA,19769,3724.372,Marine Industries,,-22.97043,54.81712
492,9088689,BELEMA SWEET,2011,7535.788,Austin & Pickersgill,,25.25502,55.26956
493,9264881,NISSHO MARU,4069,2094.612,Colombo Dockyard,,1.18074,103.6464
494,9387267,TSUSHIMA,1131,26092.828,Alexandria Shipyard,,-7.36146,11.36978
495,9339973,TAIGA,14089,6393.104,Winslow Marine Railway & Shipbuilding,,1.24704,104.05152
496,9233739,PANTARISTE,3452,17106.924,State Dockyard,,32.18497,-119.55572
497,9233789,VOYAGER I,9237,14599.316,Yantai Raffles Shipyard,,11.5795,-60.99583
498,9233789,VOYAGER I,7883,44564.676,Austal USA,,11.5795,-60.99583
499,9206310,MARION,24063,27507.756,Tampa Shipbuilding,,33.26795,-17.96175
500,9238868,OLYMPIC LEGEND,14853,25890.96,"Bethlehem Shipbuilding Corporation, Limited (BethShip)",,4.01793,92.76413
501,9233791,OLYMPIC LIBERTY,13980,32828.552,Cantiere navale di Ancona,,-31.723,33.86262
502,9723588,YUAN HUA HU,17726,2737.256,Cantiere Navale Visentini,,25.05662,119.01996
503,9376878,HAKKAISAN,1478,5709.716,Pendik Naval Shipyard,,26.63998,51.89532
504,9191424,NEW DIAMOND,3083,44281.32,Uki Workboat,,1.29802,104.14655
505,9391751,SAKURAGAWA,23910,58199.1,Malaysia Marine and Heavy Engineering,,26.36345,55.47982
506,9251597,NEW DYNASTY,31425,7182.056,SAFE Boats International LLC,,6.07179,89.83131
507,9259367,ENEOS TOKYO,3878,148.16,Furness Shipbuilding Company,,28.97265,48.50702
508,9292486,OLYMPIC LOYALTY II,80,8719.216,John Brown & Company,,20.84142,62.80313
509,9292498,OLYMPIC LEADER,4708,696.352,Austal,,1.52477,102.96798
510,9468322,NEW PEARL,376,7376.516,Merchant Shipbuilding Corporation,,-21.3247,58.65342
511,9468322,NEW PEARL,3983,15795.708,Deutsche Werft,,-21.3247,58.65342
512,9164847,ELI AKASO,8529,1496.416,Charles Connell and Company,,5.53616,-0.02326
513,9302023,ADMIRAL,808,24563.076,Hooghly Dock & Port Engineers Limited,,10.80265,-58.0267
514,9294563,PIS PIONEER,13263,6331.988,Defoe Shipbuilding Company,,1.26619,103.58495
515,9223887,SAFWA,3419,11087.924,Holland Jachtbouw Zaandam BV,,1.31833,104.24171
516,9220952,HARAD,5987,14353,ICON Yachts,,14.56263,53.49805
517,9247182,ABQAIQ,7750,13580.716,Parkol Marine Engineering,,29.55164,32.47535
518,9607875,HORAISAN,7333,7458.004,SIMA,,12.95216,71.64531
519,9568809,TOKITSU MARU,4027,27554.056,Burntisland Shipbuilding Company,,21.52665,62.13475
520,9567659,OMEGA TRADER,14878,8732.18,Brooklyn Navy Yard,,1.59582,102.86755
521,9262754,IWATESAN,4715,3209.516,Zalyv Shipbuilding yard,,22.65838,69.91328
522,9310654,MARIDAKI,1733,34902.792,United States Coast Guard Yard,,1.25063,104.02555
523,9397157,AZUMASAN,18846,4102.18,Sadra Shipyard,,13.29049,113.60882
524,9397145,ATLANTIC PIONEER,2215,29644.964,Pemex Construcción,,27.19137,50.86787
525,9283801,AMORGOS,16007,29304.196,Vickers-Armstrongs,,-25.27801,47.51315
526,9391775,APOLLO HARMONY,15823,7089.456,Meyer Werft,,1.25278,104.09309
527,9391763,SETAGAWA,3828,24014.884,Bartram & Sons,,26.94701,50.07012
528,9454486,TANGO,12967,9895.236,BAE Systems Maritime – Naval Ships,,13.17428,114.19597
529,9343388,TOSA,5343,7674.688,Hindustan Shipyard Limited,,26.67166,50.18138
530,9343390,TENJUN,4144,27454.048,Wm. Crichton & Co.,,15.8978,115.96629
531,9262766,SELENE TRADER,14824,19436.74,Wm. Crichton & Co.,,4.10249,105.94303
532,9358280,NOBLE,10495,17897.728,Western Pipe & Steel,,15.58367,54.62019
533,9312494,NAUTILUS,9664,25327.952,ENVC Shipyard,,12.84367,113.15833
534,9358292,NEWTON,13676,8898.86,Israel Shipyards,,10.44428,-58.48651
535,9322293,NUCLEUS,4805,21823.968,Dockstavarvet,,26.90851,34.68059
536,9323936,NECTAR,11784,28567.1,The Pageants,,24.81327,58.01263
537,9323948,NAUTICA,15425,240.76,STX Finland,,35.4646,129.82394
538,9312511,NEPTUN,130,37388.176,Lawrence & Foulks,,24.32785,36.40984
539,9267118,VL NICHIOH,20188,9337.784,Helsinki Shipyard (company),,1.8376,104.48818
540,9447574,FPMC C LORD,5042,3520.652,James O. Curtis,,6.58742,77.44218
541,9419967,FPMC C KNIGHT,1901,11412.024,The Bangkok Dock Company,,6.01659,89.11434
542,9407316,FPMC C JADE,6162,3541.024,Blohm+Voss,,23.91026,58.89881
543,9799123,NEW PRIME,1912,21175.768,Austal USA,,14.20475,68.02057
544,9329863,KASHIMASAN,11434,19555.268,Strategic Marine Mazatlán,,25.19257,56.55553
545,9698771,COSFLYING LAKE,10559,10871.24,American Shipbuilding,,-33.68841,33.43703
546,9346952,HAKATA,5870,10254.524,Thames Ironworks and Shipbuilding Company,,23.66612,58.53527
547,9398084,HAKONE,5537,44940.632,Ateliers et Chantiers de Saint-Nazaire Penhoët,,12.15727,112.84153
548,9377420,HIRADO,24266,5104.112,Kuznya na Rybalskomu,,8.81975,75.94655
549,9782508,KIRISHIMA,2756,4141.072,Ingalls Shipbuilding,,1.29673,103.65669
550,9310147,DHT FALCON,2236,16405.016,J. Samuel White,,4.03713,99.86947
551,9293741,LUBOV,8858,6154.196,Taikoo Dockyard,,25.89683,56.88452
552,9263227,COSBRIGHT LAKE,3323,4741.12,Crichton (Turku shipyard),,2.2964,101.9992
553,9208215,CHRYSSI,2560,8359.928,"Hall, Russell & Company",,26.17185,-73.29308
554,9206035,LATIN VENTURE,4514,3600.288,ThyssenKrupp Marine Systems,,1.76512,104.61958
555,8314483,BERGE VIK,1944,28165.216,Malaysia Marine and Heavy Engineering,,,
556,8314471,BERGE FJORD,15208,29380.128,Sandvikens Skeppsdocka och Mekaniska Verkstad,,,
557,9237539,LONGBOW LAKE,15864,54502.508,Meyer Turku,,1.90993,104.59615
558,9172868,TINA,29429,16842.088,John Readhead & Sons,,,
559,9233272,SEA HORIZON,9094,14077.052,Regio Cantiere di Castellammare di Stabia,,1.25045,103.56577
560,9245794,NAVE NEUTRINO,7601,26496.564,Meyer Turku,,24.35218,58.42677
561,9230969,TRIDENT AGILITY,14307,27598.504,Kriegsmarinewerft Wilhelmshaven,,40.14676,121.41215
562,9153513,CS BRILLIANCE,14902,5343.02,Pendik Naval Shipyard,,1.2678,103.59612
563,9158264,PLATA PIONEER,2885,14932.676,Robbs,,,
564,9153525,DEWI MAESWARA,8063,5148.56,Admiralty Shipyard,,1.6936,104.58108
565,9172674,PLATA GLORY,2780,40849.564,National Steel and Shipbuilding Company,,,
566,9050589,FRIDAY,22057,7732.1,Erie Shipbuilding LLC,,,
567,9212876,S MISTRAL,4175,25209.424,SIMA,,,
568,9331244,RESPECT,13612,4941.136,Keppel Philippines Marine Batangas Shipyard,,6.20675,95.21827
569,9196606,ARIAKE,2668,23987.104,Arctech Helsinki Shipyard,,,
570,9196618,AQUARIUS STAR,12952,8265.476,Forgacs Group,,1.23618,103.5537
571,9182318,CRYSTAL STAR,4463,92.6,Bremer Vulkan,,1.23987,103.50508
572,9176993,COMMODORE,50,34030.5,Alexandria Shipyard,,1.18965,103.58695
573,9182291,NEW KARPATHOS,18375,12393.584,Elefsis Shipyards,,4.00556,99.74732
574,9196620,UMBA,6692,11641.672,Damen Shipyards Galați,,69.08023,33.23816
575,9196606,ARIAKE,6286,13415.888,F. Schichau,,,
576,9196644,EKATERINA,7244,18901.512,Colombo Dockyard,,1.69562,104.42323
577,9196632,SEAWAYS TANABE,10206,31995.152,Uljanik,,29.66473,48.83116
578,9001007,FPSO CIDADE DE MANGARATIBA MV24,17276,20199.764,name,,-25.20283,-42.87846
579,9205079,VALENTINE,10907,26335.44,Clelands Shipbuilding Company,,,
580,9200835,SC ENTERPRISE LIX,14220,2290.924,Hanjin Heavy Industries Corporation Philippines,,1.13448,103.56152
581,9181194,MARINA M,1237,4409.612,Merchant Shipbuilding Corporation,,-30.86558,30.99363
582,9258519,DHT RAVEN,2381,15571.616,Halifax Shipyard,,37.1159,15.26676
583,9235256,FLAN,8408,25955.78,Dockstavarvet,,,
584,9235244,NEW GLOBAL,14015,22814.788,Cantiere navale di Ancona,,1.24883,103.50043
585,9244867,BRILLIANT JEWEL,12319,6767.208,Stabilimento Tecnico Triestino,,1.2423,103.57353
586,9291274,EDDIE,3654,6972.78,Garden Reach Shipbuilders and Engineers,,31.04605,121.6066
587,9829655,KIRKUK,3765,39649.468,Commercial Iron Works,,-10.40627,8.04112
588,9253117,NAVE CELESTE,21409,19627.496,"Daewoo Shipbuilding & Marine Engineering Co., Ltd.",,8.12589,76.57349
589,9330563,MARAN CANOPUS,10598,3359.528,Grangemouth Dockyard Company,,18.91497,-81.8666
590,9389019,MARAN CAPRICORN,1814,15710.516,Kinabalu North Shipyard & Maritime,,-35.92735,23.8646
591,9315070,DHT BAUHINIA,8483,26144.684,Brodosplit,,23.16594,59.66141
592,9315082,DHT EDELWEISS,14117,10011.912,Adelaide Steamship Company,,1.21082,103.5339
593,9258521,DHT LAKE,5406,20723.88,AG Vulcan Stettin,,1.2002,103.55345
594,9162875,ALHEIA,11190,6185.68,MIL-Davie Shipbuilding,,,
595,9162887,HEGAYA,3340,52557.908,Meyer Werft,,,
596,9002594,BRIGHTEN,28379,12712.128,VT Halter Marine,,,
597,9002611,HOPE,6864,37523.372,Appledore Shipbuilders,,,
598,9258521,DHT LAKE,20261,12549.152,Vickers-Armstrongs,,1.2002,103.55345
599,9323429,KHK VISION,6776,37662.272,John Roach & Sons,,29.63611,48.86069
600,9389265,CAESAR,20336,15308.632,Vickers Limited,,5.6901,79.91342
601,9389253,ASTRO CHLOE,8266,13221.428,Barkmeijer Shipyards,,13.46718,-61.46337
602,9175080,LIZA DESTINY,7139,790.804,Portsmouth Naval Shipyard,,8.01085,-56.99194
603,9166675,FT ISLAND,427,2533.536,Bharati Shipyard Limited,,1.82655,104.61199
604,9166675,FT ISLAND,1368,17612.52,PT PAL,,1.82664,104.61219
605,9478664,TAKAOKA,9510,10624.924,Carso Marina,,25.03921,53.05033
606,9478676,TAKAMATSU MARU,5737,23701.896,Mort's Dock,,20.39242,120.47611
607,9478676,TAKAMATSU MARU,12798,15106.764,Colombo Dockyard,,21.23728,121.81019
608,9237072,TRIDENT LIBERTY,8157,36791.832,A. Leslie and Company,,18.46918,-20.85123
609,9174397,SINO MACRO,19866,1483.452,Kherson Shipyard,,22.33655,119.98232
610,9169691,CS PROSPERITY,801,2679.844,Wm. Crichton & Co.,,1.26379,103.45544
611,9169691,CS PROSPERITY,1447,13121.42,Jakobson Shipyard,,1.26369,103.45505
612,9322281,DAISHAN,7085,39073.496,Flender Werke,,35.67767,121.01287
613,9315642,SEAHERO,21098,2315,Defoe Shipbuilding Company,,-25.34753,49.10527
614,9322279,DALMA,1250,6607.936,Dockstavarvet,,-4.06242,-35.03948
615,9322267,ELLINIS,3568,17008.768,Hooghly Dock & Port Engineers Limited,,6.26662,89.6972
616,9171448,IMPALAS,9184,12075.04,Stabilimento Tecnico Triestino,,39.61407,121.08887
617,9203277,VERA,6520,5606.004,Navantia,,25.61083,57.20128
618,9203253,ASTA,3027,7283.916,Italthai Industrial Group,,6.00993,89.7148
619,9203253,ASTA,3933,14258.548,Keppel Philippines Marine Batangas Shipyard,,6.00993,89.7148
620,9227948,TRIDENT SYMPHONY,7699,10854.572,SAFE Boats International LLC,,35.72247,120.95954
621,9181649,LAVAILS,5861,16764.304,Turku Repair Yard,,9.90633,76.067
622,9179701,MAROON,9052,12547.3,AG Weser,,29.64897,48.71906
623,9221918,TRIDENT TENACITY,6775,7758.028,Garden Reach Shipbuilders and Engineers,,23.234,122.63462
624,9180891,PHOENIX M,4189,15364.192,Richmond Shipyards,,2.29063,102.01963
625,9604079,MAXIM,8296,18029.22,Grangemouth Dockyard Company,,-29.34744,39.2155
626,9337133,BUNGA KASTURI EMPAT,9735,21966.572,Burger Boat Company,,14.23603,52.68922
627,9302968,BUNGA KASTURI TIGA,11861,24801.984,Baltic Shipyard,,-31.91292,115.63506
628,9534846,BLUE NOVA,13392,1726.064,Andrée & Rosenqvist,,51.92717,4.207
629,9327554,BUNGA KASTURI ENAM,932,8135.836,Hooghly Dock & Port Engineers Limited,,-14.96338,4.34317
630,9327114,BUNGA KASTURI LIMA,4393,26315.068,Cantiere navale del Muggiano,,8.09059,-17.9574
631,9733806,APOLLONAS,14209,54398.796,Pearl Harbor Naval Shipyard,,24.49808,122.35286
632,9733818,ATROMITOS,29373,18892.252,Puget Sound Naval Shipyard,,29.97613,121.91006
633,9788899,FRONT PRINCE,10201,43655.344,Hindustan Shipyard Limited,,25.1125,56.88426
634,9292632,BUNGA KASTURI DUA,23572,4761.492,Ferretti Group,,14.86992,72.41603
635,9292632,BUNGA KASTURI DUA,2571,16140.18,Sumitomo Heavy Industries,,13.85273,73.07652
636,9723071,DIA,8715,45022.12,China Shipbuilding Industry Corporation,,28.36272,-94.42146
637,9723069,DOMINICA,24310,5818.984,Marinette Marine,,25.58596,56.85042
638,9723100,DRENEC,3142,648.2,ASMAR,,24.66574,57.60945
639,9563237,SEAWAYS KILIMANJARO,350,4607.776,Perini Navi,,-35.10643,19.84015
640,9522178,DS VISION,2488,22787.008,Jawaharlal Nehru Port Trust,,-27.44499,44.08106
641,9445631,NEW VANGUARD,12304,19392.292,Morse Dry Dock & Repair Company,,14.05833,114.2995
642,9458614,NEW VISTA,10471,6550.524,John Crown & Sons,,18.04503,117.81256
643,9434632,NEW SUCCESS,3537,6176.42,Long Beach Naval Shipyard,,-8.94726,9.05439
644,9434620,NEW RESOURCE,3335,19195.98,Sredne-Nevsky Shipyard,,8.33261,-54.01752
645,9522180,DS VENTURE,10365,36238.084,H. C. Stülcken Sohn,,-25.57806,49.20556
646,9515929,NAVE CONSTELLATION,19567,14264.104,Dockstavarvet,,29.70227,122.71262
647,9515931,NAVE UNIVERSE,7702,22840.716,FMC Dockyard Limited,,14.77067,69.58542
648,9457543,HOJO,12333,12945.48,Strategic Marine,,25.9926,35.64275
649,9400681,FRONT CECILIE,6990,14401.152,Baku Shipyard LLC,,20.00287,86.62928
650,9337195,FPMC C HONOR,7776,18934.848,Astilleros Argentinos S.A. (ASTARSA),,5.69737,82.89516
651,9406178,FPMC C MELODY,10224,2394.636,Forgacs Group,,25.01424,53.0488
652,9288095,NEW SPIRIT,1293,5076.332,Baglietto,,27.37707,122.6611
653,9273337,BUNGA KASTURI,2741,12319.504,Commercial Iron Works,,39.59647,121.27497
654,9326055,WHITE NOVA,6652,20907.228,Alexandria Shipyard,,16.78347,116.32468
655,9326067,SYFNOS,11289,34312.004,Kockums Naval Solutions,,15.74732,70.61597
656,9375238,SAHAM,18527,22055.468,NQEA Australia,,-34.38476,17.96547
657,9248485,ADS STRATUS,11909,24600.116,Seaway Marine and Industrial Limited,,18.71292,118.97873
658,9248473,ADS SERENADE,13283,24631.6,John Roach & Sons,,22.39918,114.835
659,9248497,ADS PAGE,13300,361.14,Boston Navy Yard,,24.32495,58.30273
660,9395496,MERMAID HOPE,195,6939.444,Oskarshamn Shipyard,,6.30688,93.36237
661,9395290,MERCURY HOPE,3747,51065.196,T. J. Southard,,1.30131,104.07608
662,9377418,KARBALA,27573,22122.14,OceAnco,,34.36064,139.81423
663,9284946,AUSTRALIS,11945,13230.688,Morse Dry Dock & Repair Company,,56.11668,-4.83654
664,9337157,KOKKARI,7144,24466.772,Gladding-Hearn Shipbuilding,,4.37658,-2.84155
665,9116400,SEA EQUATORIAL,13211,1472.34,Jeanneau,,1.24453,103.55564
666,9116412,ADRIAN DARYA 1,795,5170.784,H. C. Stülcken Sohn,,34.7032,35.03867
667,9292163,FRONT FORCE,2792,8908.12,MIL-Davie Shipbuilding,,-26.89157,46.81988
668,9292228,FRONT ENERGY,4810,14964.16,Furness Shipbuilding Company,,17.47155,117.82097
669,9503237,SAMAIL,8080,11126.816,Richmond Shipyards,,1.21063,103.51595
670,9079066,NAROON,6008,1113.052,Ferretti Group,,,
671,9079107,NASHA,601,16947.652,MIL-Davie Shipbuilding,,,
672,9079080,OPPORTUNITY,9151,23542.624,Kuznya na Rybalskomu,,,
673,9079066,NAROON,12712,7128.348,Asenav,,,
674,9503237,SAMAIL,3849,4205.892,"Daewoo Shipbuilding & Marine Engineering Co., Ltd.",,1.21063,103.51595
675,9077886,SEA CORAL,2271,25142.752,Merchant Shipbuilding Corporation,,1.24917,103.57955
676,9077886,SEA CORAL,13576,3268.78,Vickers Limited,,1.24713,103.5742
677,9535797,NEW PEACE,1765,2255.736,Elefsis Shipyards,,5.52975,81.57325
678,9379727,NEW FRONTIER,1218,17903.284,Kherson Shipyard,,29.70825,122.59988
679,9376751,NAVE SPHERICAL,9667,7900.632,Modest Infrastructure Ltd,,36.99553,126.26968
680,9381720,NEW CORAL,4266,20373.852,Israel Shipyards,,22.50586,113.83993
681,9381720,NEW CORAL,11001,3824.38,Odense Steel Shipyard,,22.50586,113.83993
682,9384590,FRONT KATHRINE,2065,3533.616,Wm. Crichton & Co.,,29.54768,32.45182
683,9610250,KONDOR,1908,16912.464,"Hyundai Mipo Dockyard Co., Ltd.",,38.51215,135.05645
684,9575943,EVGENIA I,9132,3068.764,Commercial Iron Works,,4.8453,-49.54798
685,9384617,NAVE GALACTIC,1657,23913.024,Cantiere Navale Visentini,,51.91196,2.88324
686,9575955,POLYMNIA I,12912,26148.388,Imabari Shipbuilding,,25.22079,56.55758
687,9384605,FRONT QUEEN,14119,29502.36,John Crown & Sons,,5.46069,80.45219
688,9395317,SOLANA,15930,31911.812,Garden Reach Shipbuilders and Engineers,,28.5429,123.58112
689,9730086,HERON,17231,11745.384,Evans Deakin and Company,,-27.92047,44.6056
690,9673135,GAZA MARINE TERMINAL,6342,33465.64,Asenav,,33.89901,12.67237
691,9673135,GAZA MARINE TERMINAL,18070,40375.452,Brown Shipbuilding,,33.89901,12.67237
692,9793741,GEM NO. 5,21801,11745.384,New England Shipbuilding Corporation,,3.74547,91.21997
693,9855343,CHELSEA,6342,12330.616,Kuznya na Rybalskomu,,52.27226,2.03937
694,9859399,GUSTAVIA S,6658,9723,Nordseewerke,,17.75505,-74.29303
695,9859399,GUSTAVIA S,5250,12152.824,Fore River Shipyard,,18.30401,-76.02517
696,9216705,MARIA A. ANGELICOUSSIS,6562,18369.988,Acapulco shipyards (Acapulco Naval Shipbuilding),,-16.75803,42.30944
697,9165932,GLOBAL M,9919,17351.388,Chantiers et Ateliers Augustin Normand,,1.25274,103.51787
698,9788320,FRONT EARL,9369,10198.964,Jongert,,4.85511,98.9482
699,9819870,LITA,5507,4907.8,German Naval Yards Kiel,,20.21426,67.42133
700,9006734,STELLAR UNICORN,2650,48135.332,Richmond Shipyards,,,
701,9819870,LITA,25991,6180.124,BLRT Grupp,,20.21426,67.42133
702,9085352,WUGANG ATLANTIC,3337,2696.512,Kaiserliche Werft Kiel,,1.89833,104.37788
703,9304033,FREEDOM OF THE SEAS,1456,2742.812,Austal,,13.29478,-59.7435
704,9330032,LIBERTY OF THE SEAS,1481,159.272,Higgins,,29.30855,-94.79995
705,9349681,INDEPENDENCE OF THE SEAS,86,11897.248,Hans Ditlev Bendixsen,,26.08898,-80.11984
706,9410569,NORWEGIAN EPIC,6424,225.944,Naval Group,,25.77495,-80.16488
707,9036454,BERGE,122,7533.936,Austal USA,,1.14362,103.72446
708,9036454,BERGE,4068,24370.468,Philly Shipyard,,1.14362,103.72446
709,9654062,PETROBRAS 70,13159,21479.496,SAFE Boats International LLC,,-24.95106,-42.46804
710,9654048,PETROBRAS 68,11598,38145.644,Boustead Langkawi Shipyard,,-25.02196,-42.66737
711,9149809,SINOMERCHANT,20597,25255.724,California Shipbuilding Corporation,,-33.95802,30.34317
712,9149794,PEENE ORE,13637,179.644,John H. Mathis & Company,,28.54079,122.44357
713,9004786,GELASHA,97,11465.732,California Shipbuilding Corporation,,-33.7411,28.91617
714,9858450,ELANDRA ELBRUS,6191,6093.08,Grangemouth Dockyard Company,,23.62756,122.22156
715,9709075,ANTIGONE,3290,9484.092,Strategic Marine Mazatlán,,1.64322,104.44348
716,9731169,OLYMPIC LADY,5121,10217.484,Malaysia Marine and Heavy Engineering,,-25.60827,-45.94583
717,9722936,ANNE,5517,32285.916,Hongkong United Dockyards,,15.23539,61.34763
718,9709087,ALICE,17433,18927.44,Skinner & Eddy Corporation,,-35.64595,25.23887
719,9246279,GIESSEL,10220,7832.108,Suez shipyard,,25.85815,56.92774
720,9757888,COSCO SHIPPING ANDES,4229,23311.124,China Shipbuilding Industry Corporation,,51.97455,4.03368
721,9757876,COSCO SHIPPING DENALI,12587,39638.356,Marine Industries,,24.26541,118.33883
722,9236250,POSEIDON I,21403,15710.516,William Cramp & Sons Shipbuilding Company,,-33.81625,18.22813
723,9246281,TSURUSAKI,8483,5178.192,Smiths Dock Company,,12.97028,100.75572
724,9757840,COSCO SHIPPING HIMALAYAS,2796,27270.7,Cantiere navale di Riva Trigoso,,6.572,78.01343
725,9757864,COSCO SHIPPING ALPS,14725,6565.34,Meyer Werft,,36.44921,25.05335
726,9779848,SHADEN,3545,10415.648,Sevmash,,21.0175,37.90807
727,9733959,DHT TIGER,5624,19042.264,BHP Limited,,-29.31285,40.1404
728,9722895,DHT LION,10282,28668.96,Karachi Shipyard & Engineering Works,,33.14807,-117.90554
729,9722900,DHT PANTHER,15480,17427.32,Kraljevica Shipyard,,-34.95542,18.27118
730,9728693,ALBORAN,9410,5204.12,General Dynamics,,26.78488,52.62664
731,9739501,ANDAMAN,2810,1690.876,Portsmouth Naval Shipyard,,-33.21574,36.48628
732,9732577,AQUITAINE,913,11515.736,Sir W. G. Armstrong Whitworth & Company,,3.12123,6.73192
733,9829370,PACIFIC M,6218,2011.272,Kraljevica Shipyard,,10.20485,-56.24246
734,9732541,ARAL,1086,1018.6,Royal Huisman,,12.99322,48.77649
735,9829382,NEPTUNE M,550,16680.964,Consolidated Steel Orange Shipyard,,51.97264,3.98855
736,9829382,NEPTUNE M,9007,3152.104,Vancouver Shipyards,,51.97259,3.9886
737,9745378,MSC SEAVIEW,1702,27126.244,Skinner & Eddy Corporation,,-24.23742,-46.27792
738,9805477,ONE MINATO,14647,50567.008,The Bangkok Dock Company,,1.19081,103.60259
739,9257149,ELIZABETH I.A.,27304,18983,Wm. Crichton & Co.,,12.06204,45.3172
740,9227479,MARAN CYGNUS,10250,24020.44,Kleven Verft,,1.1138,103.56912
741,9848948,MAERSK HUACHO,12970,10484.172,Sevmash,,5.87065,88.15702
742,9848950,MAERSK HOUSTON,5661,8174.728,Garden Reach Shipbuilders and Engineers,,36.429,21.93832
743,9784300,MAERSK HANGZHOU,4414,26913.264,Jakobson Shipyard,,22.61613,37.4908
744,9784324,MAERSK HERRERA,14532,18447.772,Heesen Yachts,,22.46513,117.09332
745,9784312,MAERSK HAMBURG,9961,52839.412,Bay Shipbuilding Company,,11.84513,110.11782
746,9784269,MAERSK HORSBURGH,28531,19136.716,Mort's Dock,,6.03035,78.49162
747,9784271,MAERSK HALIFAX,10333,41860.756,Hellenic Shipyards Co.,,39.01105,121.87035
748,9784283,MAERSK HIDALGO,22603,19655.276,SIMA,,14.41398,50.96922
749,9784257,MAERSK HONG KONG,10613,2683.548,Constructions Mécaniques de Normandie,,31.21035,32.35507
750,9516478,COSCO DENMARK,1449,1094.532,Société Nouvelle des Forges et Chantiers de la Méditerranée,,29.06379,32.82576
751,9516416,COSCO FRANCE,591,23561.144,Nordseewerke,,13.25638,57.1032
752,9516430,COSCO NETHERLANDS,12722,13547.38,Neptun Werft,,30.19936,122.09503
753,9516466,COSCO PORTUGAL,7315,14919.712,Bollinger Shipyards,,32.03145,133.3706
754,9516428,COSCO ENGLAND,8056,4018.84,Helsinki Shipyard (company),,35.88894,120.92619
755,9516442,COSCO SPAIN,2170,31024.704,Crichton (Turku shipyard),,22.01927,114.95787
756,9516454,COSCO ITALY,16752,12969.556,Jakobson Shipyard,,42.08453,-125.19657
757,9516404,COSCO BELGIUM,7003,19712.688,Almaz,,18.94015,72.93698
758,9510486,WUGANG CAIFU,10644,25164.976,Kawasaki Shipbuilding Corporation,,5.5688,93.93228
759,9745366,MSC SEASIDE,13588,29061.584,"Hall, Russell & Company",,25.40117,-79.23398
760,9745366,MSC SEASIDE,15692,17103.22,Neafie & Levy,,25.40073,-79.23372
761,9784295,MAERSK HANOI,9235,7445.04,Charles Connell and Company,,45.31902,14.45693
762,9708837,AL MURABBA,4020,20066.42,Sorel,,21.7228,114.31308
763,9732321,AL JASRAH,10835,2027.94,Long Beach Naval Shipyard,,22.37291,115.61195
764,9708796,SALAHUDDIN,1095,2952.088,William Doxford & Sons,,21.73231,114.33515
765,9708784,SAJIR,1594,16603.18,Sumitomo Heavy Industries,,37.20387,4.86506
766,9732307,AL DHAIL,8965,21870.268,Deutsche Werke,,5.95526,92.28333
767,9708849,AL NASRIYAH,11809,17293.976,Basileiades,,22.57536,114.281
768,9708801,LINAH,9338,14073.348,Kressbronn am Bodensee: Bodan-Werft,,54.04561,7.93166
769,9732333,UMM QARN,7599,31593.268,Richmond Shipyards,,12.84826,43.24578
770,9732357,AL JMELIYAH,17059,4328.124,Sumitomo Heavy Industries,,6.79742,76.73229
771,9732345,AFIF,2337,36812.204,Dalian Shipbuilding Industry Company,,5.87813,91.97204
772,9732319,AL MASHRAB,19877,46909.308,Brodosplit,,13.12711,48.70343
773,9461427,MSC LIVORNO,25329,16801.344,BLRT Grupp,,31.59261,121.44723
774,9460356,MSC SAVONA,9072,38332.696,Amur Shipbuilding Plant,,6.13652,1.2811
775,9461415,MSC DEILA,20698,16925.428,Puget Sound Naval Shipyard,,30.37053,122.88935
776,9461441,MSC BARI,9139,7443.188,Sandvikens Skeppsdocka och Mekaniska Verkstad,,22.52573,39.09545
777,9484431,MSC RAVENNA,4019,11910.212,Strategic Marine,,20.13458,113.58845
778,9469560,MSC TERESA,6431,20722.028,T. J. Southard,,39.43484,-0.32836
779,9461403,MSC LA SPEZIA,11189,8872.932,Deutsche Werft,,11.41794,111.32797
780,9475258,MSC TARANTO,4791,9821.156,Pennellville Historic District,,44.41867,8.7852
781,9461439,MSC VALERIA,5303,787.1,"CSBC Corporation, Taiwan",,4.75228,-14.77928
782,9461398,MSC ROSA M,425,3087.284,Holland Jachtbouw Zaandam BV,,5.95223,90.15631
783,9461386,MSC GENOVA,1667,3603.992,Boustead Penang Shipyard,,30.91231,123.64123
784,9461374,MSC ALEXANDRA,1946,11391.652,Sumitomo Heavy Industries,,6.94608,79.8324
785,9484429,MSC CLORINDA,6151,11926.88,ThyssenKrupp Marine Systems,,29.78857,122.10867
786,9404663,MSC SONIA,6440,22057.32,Uki Workboat,,1.27216,103.7637
787,9441001,MSC PALOMA,11910,37202.976,H. C. Stülcken Sohn,,24.26252,58.41643
788,9404649,MSC DANIT,20088,41481.096,Brooklyn Navy Yard,,37.79422,-122.30852
789,9404675,MSC MELATILDE,22398,11174.968,Naval Dockyard (Visakhapatnam),,34.88994,23.59859
790,9404651,MSC CAMILLE,6034,38032.672,Howaldtswerke-Deutsche Werft,,49.46078,0.14159
791,9453559,CMA CGM CHRISTOPHE COLOMB,20536,14849.336,Lödöse varv,,22.50085,113.83646
792,9454412,CMA CGM LAPEROUSE,8018,38553.084,"Astillero ""Rio Santiago"" (AFNE)",,1.26212,103.78
793,9454395,CMA CGM AMERIGO VESPUCCI,20817,9113.692,Odessos Shiprepair yard,,44.17937,151.49493
794,9295024,XIN NING YANG,4921,28450.424,Electric Boat Corporation,,22.7298,121.67966
795,9591284,COSGLAD LAKE,15362,25666.868,Thornycroft,,1.26241,104.17718
796,9514561,NAVE BUENA SUERTE,13859,14949.344,Ferguson Marine Engineering,,-3.1462,-37.04662
797,9417189,YUAN SHAN HU,8072,27913.344,Damen Group,,1.77741,104.75032
798,9646986,COSRICH LAKE,15072,30633.932,Chantiers Dubigeon,,30.06223,121.95867
799,9389784,XIN HAN YANG,16541,43173.824,Gas Engine & Power Company & Charles L. Seabury Company,,25.87548,122.78553
800,9514559,NAVE QUASAR,23312,14838.224,Smiths Dock Company,,23.89267,59.75333
801,9565534,ORE AMAZONAS,8012,31656.236,Portsmouth Naval Shipyard,,-20.28763,-40.24673
802,9521980,SHAGANG FAITH,17093,20138.648,Götaverken,,-33.54989,33.44681
803,9565510,BAO MIN,10874,15429.012,Sevmash,,-31.4882,8.64445
804,9689615,MANHATTAN BRIDGE,8331,4617.036,Yantai Raffles Shipyard,,39.51512,-0.0623
805,9689603,MACKINAC BRIDGE,2493,8139.54,Jakobson Shipyard,,19.70171,39.45073
806,9375745,HE YONG,4395,12050.964,BAE Systems Maritime – Submarines,,-23.19713,-44.00325
807,9177686,PEDROT,6507,19644.164,Crichton (Turku shipyard),,24.89725,66.61284
808,9177686,PEDROT,10607,35795.456,Charles Connell and Company,,24.89735,66.61276
809,9805453,MADRID BRIDGE,19328,10823.088,Evans Deakin and Company,,42.61152,-10.1132
810,9222455,MARBELLA,5844,157.42,Jiangnan Shipyard,,25.03501,57.56751
811,9602784,GEMMA,85,10358.236,Puget Sound Naval Shipyard,,1.56603,104.80216
812,9493119,CSB TALENT,5593,30654.304,Maryland Drydock,,-34.79985,32.41913
813,9726798,STELLAR ACE,16552,8082.128,STX Finland,,-34.00039,32.91181
814,9726803,STELLAR BANNER,4364,9460.016,Vickers-Armstrongs,,-1.76154,-43.69577
815,9399038,MSC BETTINA,5108,6759.8,Kone- ja Siltarakennus,,21.37737,113.00215
816,9401142,MSC GAIA,3650,7774.696,Federal Shipbuilding & Drydock,,22.69557,113.65665
817,9399014,MSC BEATRICE,4198,7619.128,Barkmeijer Shipyards,,17.05933,55.60681
818,9401130,MSC EVA,4114,629.68,SEMAR (Veracruz Federal Shipbuilding),,29.62753,32.57616
819,9399052,MSC EMANUELA,340,20955.38,Constanţa Shipyard,,22.6895,113.66033
820,9399002,MSC DANIELA,11315,48257.564,Amur Shipbuilding Plant,,22.69574,113.65718
821,9399026,MSC KALINA,26057,13928.892,China State Shipbuilding Corporation,,21.35435,113.09333
822,9399040,MSC IRENE,7521,27704.068,Sir W. G. Armstrong Whitworth & Company,,22.69593,113.65557
823,9796781,NOHSHU MARU,14959,21460.976,Mykolayiv Shipyard,,27.57863,-94.17639
824,9479163,HELEN N,11588,159.272,Sorel,,5.20023,93.40433
825,9398096,HUGO N,86,785.248,Palmers Shipbuilding and Iron Company,,4.77491,98.89758
826,9377406,STEVEN N,424,28807.86,William Cramp & Sons Shipbuilding Company,,-19.71416,59.98493
827,9377406,STEVEN N,15555,18218.124,Mare Island Naval Shipyard,,-19.71416,59.98493
828,9737503,TEXAS TRIUMPH,9837,21451.716,A. Leslie and Company,,24.2441,118.44017
829,9737498,TAIPEI TRIUMPH,11583,8322.888,"Hyundai Samho Heavy Industries Co., Ltd.",,2.91485,101.2825
830,9784336,MAERSK HAVANA,4494,6587.564,Dyle et Bacalan,,29.8899,122.04618
831,9531882,BERGE BLANC,3557,966.744,Western India Shipyard Limited,,-2.12951,-44.1117
832,9503249,ORE NOUMEA,522,19983.08,Wm. Crichton & Co.,,-4.48842,-34.95106
833,9632040,APL SENTOSA,10790,3761.412,Stocznia Szczecińska Nowa,,33.69962,-76.52019
834,9632038,APL ESPLANADE,2031,16054.988,"Hyundai Samho Heavy Industries Co., Ltd.",,30.3376,-121.59462
835,9053579,GUOFENG ENTERPRISE,8669,2370.56,EMGEPRON,,1.95373,104.36022
836,9467304,CSCL URANUS,1280,3442.868,Yantai Raffles Shipyard,,31.36317,121.71295
837,9467251,CSCL VENUS,1859,37603.008,Mort's Dock,,5.94027,87.60613
838,9467287,CSCL MARS,20304,15149.36,Amels Holland B.V.,,31.36275,121.71267
839,9466867,CSCL STAR,8180,27989.276,Baku Shipyard LLC,,41.61118,-9.81108
840,9467316,CSCL NEPTUNE,15113,14603.02,Mazagon Dock Limited,,22.45291,113.89236
841,9467299,CSCL SATURN,7885,3215.072,Veracruz Kukulkan Shipyards,,22.44155,37.21165
842,9467275,CSCL MERCURY,1736,34380.528,Helsinki Shipyard (company),,5.8241,87.22607
843,9467263,CSCL JUPITER,18564,10923.096,Okean Shipyard,,32.62125,-13.70781
844,9323572,TOYOKUNI,5898,11643.524,Winslow Marine Railway & Shipbuilding,,-33.67553,30.16372
845,9757230,YM WELLSPRING,6287,7161.684,Ateliers et Chantiers de la Loire,,34.74817,20.97606
846,9706736,ONE MILLAU,3867,15191.956,Cochin Shipyard Limited,,31.66744,31.83953
847,9737462,TAMPA TRIUMPH,8203,19168.2,Pemex Construcción,,28.48048,122.45539
848,9737486,TOLEDO TRIUMPH,10350,19466.372,George Lawley & Sons,,1.26884,103.78395
849,9737474,TOKYO TRIUMPH,10511,8515.496,Italthai Industrial Group,,14.40008,52.88673
850,9706750,MUNCHEN BRIDGE,4598,29763.492,"Hyundai Heavy Industries Co., Ltd.",,12.89651,57.85308
851,9706748,MANCHESTER BRIDGE,16071,16125.364,China State Shipbuilding Corporation,,29.79685,122.10851
852,9757187,MILANO BRIDGE,8707,23240.748,Eriksbergs Mekaniska Verkstad,,39.3978,120.77312
853,9757204,MONACO BRIDGE,12549,23342.608,Pemex Construcción,,32.09595,-81.10642
854,9733105,GENTING DREAM,12604,4854.092,Åbo Skeppswarf,,6.25578,99.71545
855,9733117,WORLD DREAM,2621,16119.808,Puget Sound Naval Shipyard,,51.8917,4.4326
856,9454424,CMA CGM MAGELLAN,8704,15803.116,Arctech Helsinki Shipyard,,8.39079,-86.9437
857,9454400,CMA CGM CORTE REAL,8533,13793.696,Brodogradilište 3. Maj,,2.81294,100.98658
858,9035450,BERGE HUA SHAN,7448,20159.02,Goa Shipyard Limited,,22.4765,91.70747
859,9806067,ONE GRUS,10885,4341.088,William Cramp & Sons Shipbuilding Company,,22.34773,114.11706
860,9757228,YM WARRANTY,2344,3913.276,Admiralty Shipyard,,43.41174,4.84482
861,9820910,YM WONDERLAND,2113,2339.076,John Readhead & Sons,,37.72064,7.67298
862,9757216,YM WISDOM,1263,7502.452,Poole & Steel Limited,,11.52622,101.50104
863,9806043,ONE AQUILA,4051,32374.812,Damen Group,,33.74344,-118.201
864,9005261,TULA,17481,38832.736,Ateliers and Chantiers de Bacalan,,,
865,9013311,SHUHADAA,20968,20292.364,FMC Dockyard Limited,,,
866,9016868,TAHREER,10957,4572.588,Pendik Naval Shipyard,,,
867,9033335,L ELEPHANT,2469,33850.856,Amur Shipbuilding Plant,,,
868,9183934,FELICITY,18278,6546.82,Dyle et Bacalan,,,
869,9183348,SILVANA III,3535,22538.84,Parkol Marine Engineering,,,
870,9806043,ONE AQUILA,12170,18069.964,Sredne-Nevsky Shipyard,,33.74347,-118.201
871,9082312,HANDAN STEEL,9757,27752.22,Boustead Penang Shipyard,,-13.07778,-38.60622
872,9082312,HANDAN STEEL,14985,30633.932,Winslow Marine Railway & Shipbuilding,,-13.07718,-38.60515
873,9281695,ASIA DAWN,16541,3079.876,Halifax Shipyard,,29.50004,32.45763
874,9197868,OCEAN,1663,13354.772,VT Halter Marine,,22.58229,120.31479
875,9241061,QUEEN MARY 2,7211,54383.98,Mazagon Dock Limited,,50.6115,-2.37075
876,9241061,QUEEN MARY 2,29365,40390.268,Halifax Shipyard,,50.61186,-2.3706
877,9665645,THALASSA NIKI,21809,17543.996,Arctech Helsinki Shipyard,,50.30963,-1.10021
878,9665619,THALASSA PISTIS,9473,687.092,Gladding-Hearn Shipbuilding,,26.49492,121.63025
879,9665633,THALASSA AVRA,371,18677.42,Newport News Shipbuilding & Drydock,,25.16115,121.38414
880,9667162,THALASSA TYHI,10085,14491.9,Timblo Drydocks Private Limited,,9.10403,-16.20548
881,9667174,THALASSA DOXA,7825,5926.4,Garden Reach Shipbuilders and Engineers,,25.75041,-116.20215
882,9667150,THALASSA MANA,3200,39304.996,FMC Dockyard Limited,,9.81016,-79.65164
883,9665592,THALASSA HELLAS,21223,6006.036,Kuznya na Rybalskomu,,21.17282,38.83425
884,9667186,THALASSA AXIA,3243,13136.236,Clelands Shipbuilding Company,,26.21486,53.19015
885,9665607,THALASSA PATRIS,7093,1320.476,Caledon Shipbuilding & Engineering Company,,48.5362,-126.52819
886,9665621,THALASSA ELPIDA,713,4915.208,Bay Shipbuilding Company,,43.40935,4.84876
887,8613877,FPSO CIDADE DE PARATY,2654,21022.052,Mangalia shipyard,,-25.39339,-42.7613
888,9084190,JANICE N,11351,25190.904,Rauma Marine Constructions,,1.59889,104.81953
889,9728954,THESEUS,13602,37419.66,Delaware River Iron Ship Building and Engine Works,,30.15296,122.02449
890,9728928,TITAN,20205,26300.252,Vancouver Shipyards,,20.02196,113.99369
891,9728916,TRITON,14201,18294.056,Persian Gulf Shipbuilding,,22.52454,119.97411
892,9728930,TALOS,9878,36314.016,Strategic Marine Mazatlán,,18.8917,113.6587
893,9728942,TAURUS,19608,24953.848,Alexander Stephens and Sons,,30.15344,122.02471
894,9106663,ZEARTH,13474,49696.568,Jiangnan Shipyard,,24.92848,52.85638
895,9110224,PACIFIC CORAL,26834,15012.312,China Shipbuilding Industry Corporation,,1.55106,104.40769
896,9043720,PACIFIC RUBY,8106,26009.488,Kone- ja Siltarakennus,,1.69388,104.46164
897,9806081,ONE CYGNUS,14044,7824.7,Blohm+Voss,,21.45096,39.15884
898,9083964,BERGE LHOTSE,4225,8789.592,Su Marine Yachts Shipyard,,2.80819,101.04459
899,9810020,DIAMOND GAS SAKURA,4746,2066.832,Higgins,,13.78661,-79.33303
900,9606924,NORWEGIAN GETAWAY,1116,172.236,Parkol Marine Engineering,,28.41187,-80.62867
901,9606912,NORWEGIAN BREAKAWAY,93,3303.968,Brodosplit,,28.30615,-80.51992
902,9806055,ONE COLUMBA,1784,7415.408,Kaiserliche Werft Danzig,,35.69778,141.68945
903,8500472,TAKA,4004,14614.132,Mort's Dock,,,
904,9806055,ONE COLUMBA,7891,8635.876,COTECMAR,,35.69778,141.68945
905,9741449,NYK OWL,4663,10745.304,Norfolk Naval Shipyard,,8.11425,74.31716
906,9784776,NYK WREN,5802,25844.66,Baku Shipyard LLC,,14.21203,53.56016
907,9784788,ONE STORK,13955,31083.968,Walkers Limited,,33.98643,23.97399
908,9741372,ONE BLUE JAY,16784,23551.884,Lürssen,,9.38247,109.47853
909,9708435,YM WINDOW,12717,19944.188,Tebma Shipyard Limited,,8.33884,106.36548
910,9708461,YM WIND,10769,21494.312,Cantiere navale di Palermo,,31.45283,32.32657
911,9708473,YM WREATH,11606,29913.504,Adelaide Steamship Company,,30.47872,122.28052
912,9708459,YM WELCOME,16152,18034.776,Seaway Marine and Industrial Limited,,30.48362,122.32135
913,9708447,YM WIDTH,9738,13328.844,"CSBC Corporation, Taiwan",,40.67099,-74.07993
914,9802396,SKY PRINCESS,7197,9180.364,William Doxford & Sons,,25.97622,-76.58963
915,9807126,ENCHANTED PRINCESS,4957,26741.028,Morrison & Sinclair,,45.79004,13.54497
916,9698123,PACIFIC BREEZE,14439,12649.16,Asenav,,22.80862,120.19851
917,9779238,DIAMOND GAS ROSE,6830,26866.964,Western India Shipyard Limited,,34.31707,138.58688
918,9779238,DIAMOND GAS ROSE,14507,31724.76,Zvezdochka,,34.31707,138.58688
919,9684641,YM WISH,17130,38912.372,SEMAR (Veracruz Federal Shipbuilding),,31.83389,34.64576
920,9684677,YM WONDROUS,21011,19310.804,Austal USA,,5.976,79.14204
921,9684689,YM WINNER,10427,26537.308,Malaysia Marine and Heavy Engineering,,22.48447,113.86779
922,9704609,YM WITNESS,14329,30030.18,Cantiere Navale Visentini,,5.30145,97.93612
923,9684653,YM WORLD,16215,16151.292,Clelands Shipbuilding Company,,35.07725,128.80543
924,9704611,YM WHOLESOME,8721,28513.392,Sanmar Denizcilik,,49.45801,0.16164
925,9684665,YM WELLHEAD,15396,7130.2,"Astillero ""Rio Santiago"" (AFNE)",,22.12158,116.78468
926,9684665,YM WELLHEAD,3850,35684.336,Kaiserliche Werft Wilhelmshaven,,22.17116,117.43123
927,9704635,YM WORTH,19268,3931.796,Stocznia Gdańsk,,13.45099,49.70637
928,9704623,YM WELLNESS,2123,30489.476,AF Theriault & Sons,,36.16449,142.66801
929,9741384,ONE IBIS,16463,8997.016,Nobiskrug,,50.38851,-2.68619
930,9741396,ONE EAGLE,4858,3685.48,Sadra Shipyard,,13.05123,100.90233
931,9741401,ONE CRANE,1990,5817.132,Chantiers Dubigeon,,41.31013,132.71431
932,9741437,NYK SWAN,3141,10269.34,John I. Thornycroft & Company,,-25.40846,49.50417
933,9741425,NYK FALCON,5545,38367.884,Ananda Shipyard and Shipways,,40.33682,-73.69821
934,9741413,NYK HAWK,20717,12988.076,Chesapeake Shipbuilding,,16.13997,113.62451
935,9741413,NYK HAWK,7013,24781.612,Götaverken,,15.53871,113.29623
936,9614141,MAJESTIC PRINCESS,13381,10950.876,Hooghly Dock & Port Engineers Limited,,14.53713,120.86863
937,9614036,BRITANNIA,5913,15760.52,Jeffersonville Boat & Machine,,50.89093,-1.40004
938,9484443,MSC ARIANE,8510,42477.472,Chesapeake Shipbuilding,,29.82999,123.16185
939,9484455,MSC RAPALLO,22936,3713.26,A&P Tees,,22.06341,114.41824
940,9484481,MSC AURORA,2005,724.132,Boustead Langkawi Shipyard,,36.75561,-13.99106
941,9484479,MSC TRIESTE,391,39249.436,Cochin Shipyard Limited,,24.80728,54.65062
942,9484467,MSC VANDYA,21193,15390.12,Pearl Harbor Naval Shipyard,,30.32386,122.80889
943,9501356,HONG KONG EXPRESS,8310,21183.176,"Hyundai Mipo Dockyard Co., Ltd.",,5.96612,89.18415
944,9613020,ULSAN EXPRESS,11438,25776.136,Royal Huisman,,36.79729,34.63994
945,9613018,LUDWIGSHAFEN EXPRESS,13918,40532.872,Western India Shipyard Limited,,40.77447,29.70955
946,9785756,COSCO SHIPPING AZALEA,21886,27813.336,Ingalls Shipbuilding,,10.74675,110.36527
947,9785744,COSCO SHIPPING PEONY,15018,21544.316,"Hyundai Heavy Industries Co., Ltd.",,37.47604,9.52307
948,9785794,COSCO SHIPPING SAKURA,11633,17356.944,Hongkong United Dockyards,,28.50975,-119.73092
949,9785782,COSCO SHIPPING CAMELLIA,9372,21353.56,Ateliers et Chantiers de la Loire,,21.73739,-73.5712
950,9785809,COSCO SHIPPING ROSE,11530,24626.044,Chester Shipbuilding,,3.80673,105.81568
951,9770438,MARVEL CRANE,13297,2192.768,COTECMAR,,16.3665,-74.55237
952,9584724,REGAL PRINCESS,1184,34367.564,Seattle-Tacoma Shipbuilding,,28.00613,-77.25332
953,9584712,ROYAL PRINCESS,18557,12480.628,Danziger Werft,,33.39698,-118.79898
954,9584712,ROYAL PRINCESS,6739,7782.104,A&P Falmouth,,33.39698,-118.79898
955,9637222,HYUNDAI DREAM,4202,31821.064,Perno shipyard,,15.16635,71.39261
956,9501332,NEW YORK EXPRESS,17182,3689.184,Pipavav Shipyard,,28.60855,32.98063
957,9613006,LEVERKUSEN EXPRESS,1992,7928.412,Severnaya Verf,,14.73861,42.01912
958,9461051,HAMBURG EXPRESS,4281,4670.744,Deutsche Werft,,30.65094,122.02856
959,9501368,SHANGHAI EXPRESS,2522,12860.288,Ingalls Shipbuilding,,44.41785,8.79102
960,9612997,ANTWERPEN EXPRESS,6944,19583.048,Forges et Chantiers de la Gironde,,21.99806,114.48871
961,9501370,ESSEN EXPRESS,10574,14373.372,J. Samuel White,,16.31796,40.9244
962,9501344,BASLE EXPRESS,7761,18019.96,H. C. Stülcken Sohn,,21.10661,114.35445
963,9637258,HYUNDAI VICTORY,9730,5093,William Beardmore and Company,,21.53579,120.80108
964,9637260,HYUNDAI PRIDE,2750,29459.764,Philadelphia Naval Shipyard,,6.33451,106.84338
965,9637246,HYUNDAI DRIVE,15907,6917.22,Zvezdochka,,1.27163,103.77286
966,9472165,COSCO HOPE,3735,13202.908,Ateliers et Chantiers de la Loire,,5.95012,87.19169
967,9472127,COSCO FORTUNE,7129,53.708,Hellenic Shipyards Co.,,33.60185,127.91861
968,9466245,COSCO GLORY,29,15529.02,Sredne-Nevsky Shipyard,,48.97967,-126.53882
969,9472177,COSCO HARMONY,8385,8746.996,New England Shipbuilding Corporation,,42.28107,9.89927
970,9472139,COSCO DEVELOPMENT,4723,7715.432,Karachi Shipyard & Engineering Works,,30.29442,122.76991
971,9472153,COSCO PRIDE,4166,8282.144,Avondale Shipyard,,30.47094,122.46571
972,9472141,COSCO FAITH,4472,30196.86,"Henry B. Nevins, Incorporated",,15.58654,41.42265
973,9472189,COSCO EXCELLENCE,16305,19434.888,Chesapeake Shipbuilding,,32.68681,-79.14245
974,9475674,HYUNDAI RESPECT,10494,20405.336,Bashundhara Steel & Engineering,,34.88629,127.63642
975,9475686,MAERSK ENPING,11018,9098.876,Zalyv Shipbuilding yard,,30.15407,122.01162
976,9473731,HYUNDAI HONOUR,4913,56761.948,Brodogradilište 3. Maj,,31.21521,124.26841
977,9501239,MAERSK EUREKA,30649,9456.312,Chantiers et Ateliers Augustin Normand,,21.16983,116.39515
978,9503732,MSC PERLE,5106,43929.44,Taikoo Dockyard,,-32.70347,-71.99866
979,9502958,MAERSK ENSENADA,23720,174.088,BAE Systems Maritime – Naval Ships,,29.73663,122.35867
980,9502908,MSC TOPAZ,94,2335.372,Western Marine Shipyard,,51.29607,4.26203
981,9502960,MSC RUBY,1261,3426.2,Brodosplit,,16.13563,54.81539
982,9502972,MAERSK ESMERALDAS,1850,10515.656,Pusey and Jones,,25.20181,120.51451
983,9502867,MAERSK EDIRNE,5678,850.068,Seaway Marine and Industrial Limited,,28.4159,123.12157
984,9502946,MAERSK ENSHI,459,1042.676,Su Marine Yachts Shipyard,,41.88362,-9.76404
985,9502910,MAERSK EMERALD,563,47996.432,Forges et Chantiers de la Gironde,,30.61243,122.07559
986,9456783,MAERSK ESSEN,25916,37471.516,California Shipbuilding Corporation,,5.77658,96.67663
987,9458092,MAERSK ESSEX,20233,23240.748,Helsingfors Skeppsdocka,,6.94611,79.83346
988,9456769,MAERSK EMDEN,12549,4387.388,Schichau Seebeckwerft,,29.78397,122.08635
989,9458080,MAERSK EVORA,2369,8604.392,Barkmeijer Shipyards,,28.88961,122.76593
990,9456757,MAERSK EDINBURGH,4646,1096.384,Mitsubishi Heavy Industries,,34.44636,-134.11386
991,9458030,MAERSK EDMONTON,592,19749.728,Mitsubishi Heavy Industries,,51.95795,4.04413
992,9456771,MAERSK EINDHOVEN,10664,8313.628,Mort's Dock,,39.01344,121.69101
993,9458078,MAERSK ELBA,4489,17106.924,Strategic Marine Mazatlán,,23.09441,37.12592
994,9540716,GRACE DAHLIA,9237,32711.876,Brodosplit,,38.92764,117.87609
995,9463059,MSC ELISA,17663,8204.36,"Reaney, Son & Archbold",,31.17446,-123.52417
996,9463011,EDISON,4430,11104.592,Appledore Shipbuilders,,25.13169,54.83768
997,9463023,ERVING,5996,46042.572,Blohm+Voss,,51.50347,0.49703
998,9463035,MSC NATASHA,24861,7157.98,Jiangnan Shipyard,,17.97637,-102.17217
999,9463047,MSC EMMA,3865,5548.592,Federal Shipbuilding & Drydock,,34.35962,123.56049
1000,9465277,MSC ALTAIR,2996,7046.86,Nakilat Damen Shipyards Qatar,,-18.74451,11.2091
1001,9465289,MSC CAPELLA,3805,5720.828,Severnaya Verf,,6.14889,94.47007
1002,9465265,MSC VEGA,3089,2548.352,Cockatoo Island Dockyard,,39.0066,121.6898
1003,9465291,MSC REGULUS,1376,9698.924,Strategic Marine Mazatlán,,36.26922,19.76324
1004,9465253,MSC BENEDETTA,5237,45933.304,Iguana Yachts,,20.89118,65.82928
1005,9465318,MSC MARGRIT,24802,8596.984,Acapulco shipyards (Acapulco Naval Shipbuilding),,31.26248,125.11932
1006,9465241,MSC CRISTINA,4642,44007.224,name,,24.19478,37.12193
1007,9465306,MSC RENEE,23762,23474.1,Constanţa Shipyard,,-16.8371,56.72407
1008,9488279,PSU SIXTH,12675,32993.38,Dalian Shipbuilding Industry Company,,-18.904,118.98491
1009,9820269,FANREACH,17815,37295.576,Barclay Curle,,22.08398,113.91584
1010,9820257,GOODREACH,20138,6782.024,Merchant Shipbuilding Corporation,,5.8191,89.90781
1011,9820245,TENREACH,3662,23983.4,Sadra Shipyard,,30.62636,122.05508
1012,9447861,ROME EXPRESS,12950,9054.428,California Shipbuilding Corporation,,35.42173,14.47152
1013,9447885,SOUTHAMPTON EXPRESS,4889,8769.22,Brodosplit,,29.302,32.73433
1014,9483877,ENERGY HORIZON,4735,33076.72,Jongert,,-18.26771,117.88567
1015,9525857,UMM SALAL,17860,6765.356,Stocznia Szczecińska Nowa,,24.49569,119.43601
1016,9525912,AL RIFFA,3653,15590.136,Vosper & Company,,7.90397,76.91392
1017,9525900,MALIK AL ASHTAR,8418,14940.084,"Hanjin Heavy Industries Co., Ltd.",,20.50021,114.04551
1018,9525924,AL QIBLA,8067,11737.976,Damen Group,,39.13308,-23.70914
1019,9525883,ALULA,6338,38664.204,name,,44.10594,9.84686
1020,9525869,AIN SNAN,20877,17679.192,John H. Mathis & Company,,28.4648,123.27011
1021,9525895,TAYMA,9546,37888.216,Andrée & Rosenqvist,,35.88802,120.95526
1022,9525871,UNAYZAH,20458,2574.28,Garden Reach Shipbuilders and Engineers,,36.93937,-68.70082
1023,9525936,JEBEL ALI,1390,6924.628,ASMAR,,5.98125,92.16493
1024,9627978,OOCL BANGKOK,3739,7332.068,Marinship – Bechtel Shipyards,,28.19463,122.25074
1025,9628001,OOCL SINGAPORE,3959,6620.9,Regio Cantiere di Castellammare di Stabia,,40.93252,139.31392
1026,9622631,OOCL EGYPT,3575,3644.736,Dalian Shipbuilding Industry Company,,5.89963,87.62958
1027,9622629,OOCL CHONGQING,1968,32672.984,Suez shipyard,,33.52647,-76.93292
1028,9622588,OOCL POLAND,17642,7693.208,Meyer Turku,,21.8597,113.78509
1029,9622590,OOCL BRUSSELS,4154,15119.728,Lawrence & Foulks,,40.30541,138.65907
1030,9627980,OOCL MALAYSIA,8164,40603.248,Tebma Shipyard Limited,,34.00713,28.89419
1031,9622605,OOCL BERLIN,21924,19466.372,Barkmeijer Shipyards,,32.62257,-78.26896
1032,9622617,OOCL FRANCE,10511,12545.448,Thames Ironworks and Shipbuilding Company,,32.53948,126.26643
1033,9627992,OOCL KOREA,6774,12706.572,Kaiserliche Werft Danzig,,14.86042,-97.17266
1034,9785768,COSCO SHIPPING JASMINE,6861,32635.944,Danziger Werft,,36.04521,120.92138
1035,9842085,MSC FAITH,17622,3189.144,Lake Washington Shipyard,,10.77285,74.12343
1036,9842073,MSC JEWEL,1722,7735.804,Cantiere navale del Muggiano,,31.3715,121.69794
1037,9842102,MSC KANOKO,4177,1907.56,Burger Boat Company,,-33.62858,-71.70384
1038,9475698,MAERSK EXETER,1030,22961.096,Kinabalu North Shipyard & Maritime,,30.15451,122.0206
1039,9475703,MSC AMBITION,12398,40243.96,Åbo Skeppswarf,,30.15914,122.00922
1040,9842097,MSC ALIYA,21730,38962.376,"Henry B. Nevins, Incorporated",,19.30211,-105.3907
1041,9780897,CMA CGM J. MADISON,21038,11132.372,Ferguson Marine Engineering,,24.93194,-68.04967
1042,9780861,CMA CGM T. JEFFERSON,6011,3865.124,Evans Deakin and Company,,5.82469,86.6624
1043,9780847,CMA CGM G. WASHINGTON,2087,7120.94,Erie Shipbuilding LLC,,22.57885,114.27783
1044,9780873,CMA CGM T. ROOSEVELT,3845,25546.488,Royal Huisman,,17.98565,-76.8369
1045,9780885,CMA CGM J. ADAMS,13794,15306.78,Cammel Laird,,32.65257,-78.56738
1046,9780859,CMA CGM A. LINCOLN,8265,33200.804,Winslow Marine Railway & Shipbuilding,,32.69734,-79.01452
1047,9447902,PARIS EXPRESS,17927,4192.928,Gölcük Naval Shipyard,,24.81373,54.66177
1048,9471408,CMA CGM NEVADA,2264,10232.3,Richard Dunston,,49.45647,0.17214
1049,9469572,CMA CGM ALASKA,5525,4533.696,Defoe Shipbuilding Company,,24.99081,55.05946
1050,9447847,MADRID EXPRESS,2448,28952.316,Elefsis Shipyards,,7.2509,89.72808
1051,9447847,MADRID EXPRESS,15633,55445.176,Delaware River Iron Ship Building and Engine Works,,6.22227,95.33062
1052,9467419,MSC LAURENCE,29938,7200.576,Winslow Marine Railway & Shipbuilding,,-30.01506,13.81345
1053,9467407,MSC LAUREN,3888,31448.812,Imabari Shipbuilding,,16.94806,54.01359
1054,9467445,MSC KATRINA,16981,25877.996,Asenav,,5.98315,93.57264
1055,9467457,MSC KATIE,13973,7163.536,Andrée & Rosenqvist,,32.49564,136.40336
1056,9467421,MSC MARIA SAVERIA,3868,36325.128,A&P Tyne,,10.09391,75.7557
1057,9467392,MSC BERYL,19614,25405.736,Imabari Shipbuilding,,1.63379,102.81137
1058,9467433,MSC FLAVIA,13718,3009.5,Western Pipe & Steel,,-11.4805,-77.8847
1059,9227508,NAVIGATOR OF THE SEAS,1625,15097.504,Baglietto,,25.97715,-79.51713
1060,9227510,MARINER OF THE SEAS,8152,14319.664,Israel Shipyards,,25.76666,-78.169
1061,9595321,MSC PREZIOSA,7732,11067.552,General Dynamics,,25.35508,-79.2087
1062,9585285,MSC DIVINA,5976,9385.936,Hanjin Heavy Industries Corporation Philippines,,25.43337,-79.51398
1063,9770440,MARVEL HERON,5068,12738.056,"Hyundai Heavy Industries Co., Ltd.",,37.38838,146.84303
1064,9161716,VOYAGER OF THE SEAS,6878,8561.796,Crichton (Turku shipyard),,14.56401,120.92089
1065,9161728,EXPLORER OF THE SEAS,4623,8437.712,"Daewoo Shipbuilding & Marine Engineering Co., Ltd.",,25.78627,-78.2268
1066,9167227,ADVENTURE OF THE SEAS,4556,20651.652,Modest Infrastructure Ltd,,26.0855,-79.14983
1067,9359806,MSC SPLENDIDA,11151,19720.096,Marinette Marine,,44.4113,8.9176
1068,9359791,MSC FANTASIA,10648,659.312,Imabari Shipbuilding,,38.70996,-9.12484
1069,9337987,AL GHARIYA,356,38803.104,Vyborg Shipyard,,34.73508,16.34966
1070,9337963,AL SAFLIYA,20952,33217.472,Newport News Shipbuilding & Drydock,,26.16303,52.59806
1071,9337975,DUHAIL,17936,23868.576,Baltic Workboats Shipyard,,31.3618,32.38478
1072,9337951,AL RUWAIS,12888,25377.956,"Samsung Heavy Industries Co., Ltd.",,49.81114,-2.88943
1073,9397341,AL SADD,13703,30959.884,Chantiers de l'Atlantique,,36.78963,-9.64026
1074,9431147,AL BAHIYA,16717,7059.824,Kaiserliche Werft Kiel,,12.64976,101.15535
1075,9431123,AL KARAANA,3812,32158.128,Western India Shipyard Limited,,23.72141,36.4735
1076,9360831,AL SHEEHANIYA,17364,14421.524,Navantia,,35.48251,15.12361
1077,9397353,ONAIZA,7787,5093,Brodogradilište 3. Maj,,25.84212,51.89237
1078,9431135,AL NUAMAN,2750,30204.268,Walkers Limited,,36.11133,-4.57104
1079,9431111,AL KHATTIYA,16309,18405.176,Cantiere Navale Visentini,,26.18424,52.56586
1080,9666558,SEISHU MARU,9938,37210.384,Marine Industries,,31.85646,126.44568
1081,9666560,ESSHU MARU,20092,14656.728,Richard Dunston,,-12.06089,130.36225
1082,9666998,LNG JUROJIN,7914,16003.132,Chantiers de l'Atlantique,,47.30073,-2.13613
1083,9696149,LNG SATURN,8641,10500.84,Nordseewerke,,-12.15848,130.3414
1084,9743875,PACIFIC MIMOSA,5670,29052.324,Kaiserliche Werft Kiel,,9.51543,126.32839
1085,9645748,LNG MARS,15687,19901.592,Flensburger Schiffbau-Gesellschaft,,7.64254,120.65022
1086,8757740,THIALF,10746,6800.544,Rauma Marine Constructions,,44.37825,-63.13659
1087,9338266,AL AAMRIYA,3672,4750.38,William Beardmore and Company,,25.43096,35.81842
1088,9360790,AL ORAIQ,2565,1911.264,Hooghly Dock & Port Engineers Limited,,35.32548,27.80382
1089,9360829,UMM AL AMAD,1032,17434.728,Almaz,,38.71293,-9.93503
1090,9360805,MURWAB,9414,18442.216,Jiangnan Shipyard,,17.52503,39.92615
1091,9360817,FRAIHA,9958,1298.252,Vickers Limited,,19.51227,65.56165
1092,9337717,AL GHARRAFA,701,29552.364,Seaway Marine and Industrial Limited,,12.79402,47.75176
1093,9337731,TEMBEK,15957,1185.28,Neorion,,14.35288,52.72254
1094,9337705,AL GATTARA,640,3516.948,Nakilat Damen Shipyards Qatar,,14.95894,53.81493
1095,9337743,AL HAMLA,1899,25098.304,Elefsis Shipyards,,56.40615,6.786
1096,9360867,AL UTOURIYA,13552,3183.588,ICON Yachts,,23.35226,36.9439
1097,9360843,AL THUMAMA,1719,17458.804,"CSBC Corporation, Taiwan",,25.89055,51.75522
1098,9360855,AL SAHLA,9427,30282.052,Adelaide Steamship Company,,29.07289,48.16093
1099,9397327,AL KHARAITIYAT,16351,23872.28,Caledon Shipbuilding & Engineering Company,,36.54276,-8.41686
1100,9397339,AL REKAYYAT,12890,17838.464,Société Nouvelle des Forges et Chantiers de la Méditerranée,,18.30094,118.09807
1101,9774135,LNG SAKURA,9632,39036.456,John Roach & Sons,,33.33325,135.13004
1102,9791212,SOHSHU MARU,21078,28946.76,"Reaney, Son & Archbold",,28.85903,-95.16257
1103,9791200,SHINSHU MARU,15630,15538.28,Kaiserliche Werft Wilhelmshaven,,12.85702,-59.86924
1104,9360879,AL HUWAILA,8390,6459.776,Ferretti Group,,1.4449,103.13057
1105,9360908,AL KHUWAIR,3488,42053.364,Gulf Shipbuilding,,22.49519,37.32126
1106,9360881,AL KHARSAAH,22707,18773.724,Admiralty Shipyard,,25.93347,51.61737
1107,9360893,AL SHAMAL,10137,7909.892,Imabari Shipbuilding,,15.09222,41.78994
1108,9801689,COSTA VENEZIA,4271,6444.96,Taikoo Dockyard,,14.5323,120.84107
1109,9802384,CARNIVAL PANORAMA,3480,51815.256,ThyssenKrupp Marine Systems,,33.0427,-119.55967
1110,9741762,STELLA ISABEL,27978,7363.552,Pemex Construcción,,-33.7847,32.06513
1111,9695030,SHANDONG HE XIE,3976,6569.044,Charleston Naval Shipyard,,4.27109,119.63193
1112,9747778,FMG NICOLA,3547,19797.88,Sandvikens Skeppsdocka och Mekaniska Verkstad,,-10.58888,122.51535
1113,9747780,FMG GRACE,10690,26648.428,Cantiere Navale Visentini,,35.97529,124.07342
1114,9709518,BERGE MAKALU,14389,43977.592,A&P Tees,,-3.23929,118.52884
1115,9621493,GLEN LYON,23746,9167.4,Ulstein Group,,60.35581,-4.06485
1116,9756389,SERI CEMARA,4950,33076.72,AF Theriault & Sons,,6.10306,116.04791
1117,9714305,SERI CAMAR,17860,14830.816,L&T Shipbuilding Limited,,3.32713,112.88652
1118,9714290,SERI CEMPAKA,8008,4880.02,Davie Shipbuilding,,32.96863,127.986
1119,9613783,K. HOPE,2635,9761.892,Black Sea Shipyard,,-10.57406,122.35493
1120,9714276,SERI CAMELLIA,5271,49216.9,Los Angeles Shipbuilding and Drydock,,-6.39837,118.81716
1121,9767091,CARNIVAL HORIZON,26575,5081.888,William H. Webb,,25.79112,-78.43233
1122,9692569,CARNIVAL VISTA,2744,21812.856,Morse Dry Dock & Repair Company,,25.77392,-78.4491
1123,9319636,MARINECO ASHANTI,11778,44785.064,Seattle-Tacoma Shipbuilding,,25.46977,55.50867
1124,9702651,SHANDONG REN HE,24182,15228.996,Western Marine Shipyard,,-20.0652,118.62719
1125,9636888,COSTA DIADEMA,8223,35949.172,Alexandria Shipyard,,42.93205,10.55562
1126,9621352,HBIS,19411,6602.38,Constructions Mécaniques de Normandie,,-16.19671,117.5286
1127,9621247,PARABURDOO,3565,31800.692,Götaverken,,-18.80602,117.19655
1128,9621364,IRON PILBARA,17171,18105.152,Andrée & Rosenqvist,,-19.90038,118.56548
1129,9487639,INDIGO HOPE,9776,5194.86,Ateliers et Chantiers de Saint-Nazaire Penhoët,,-16.50525,117.59958
1130,9401104,MSC SOLA,2805,29274.564,Lödöse varv,,30.70834,124.1789
1131,9398383,MSC LUCIANA,15807,22974.06,Wärtsilä Marine,,30.15535,122.01207
1132,9401116,MSC FRANCESCA,12405,22099.916,Boustead Naval Shipyard,,21.28432,38.82795
1133,9398371,MSC IVANA,11933,42462.656,PN Dockyard,,30.15471,122.02114
1134,8900438,ALFRED N,22928,4865.204,Pipavav Shipyard,,,
1135,9398371,MSC IVANA,2627,30446.88,William Hamilton and Company,,30.15471,122.02114
1136,9399208,CMA CGM LEO,16440,9522.984,Winslow Marine Railway & Shipbuilding,,7.00017,78.11783
1137,9399222,CMA CGM TITAN,5142,3302.116,ABG Shipyard Limited,,22.63432,113.68456
1138,9410789,CMA CGM COLUMBA,1783,29131.96,John Readhead & Sons,,39.43141,-0.31779
1139,9410791,CMA CGM GEMINI,15730,14653.024,Tampa Shipbuilding,,6.29295,78.03007
1140,9410765,CMA CGM CASSIOPEIA,7912,13523.304,Seaspan Marine Corporation,,26.59778,56.40027
1141,9410741,CMA CGM AQUILA,7302,18410.732,Colombo Dockyard,,6.5255,103.6065
1142,9399193,CMA CGM LIBRA,9941,27824.448,Toronto Drydock Company,,38.846,-124.8595
1143,9410753,CMA CGM CALLISTO,15024,52241.216,Deutsche Werft,,10.90867,74.08217
1144,9410806,CMA CGM LYRA,28208,24726.052,Howaldtswerke-Deutsche Werft,,44.41931,8.78161
1145,9410777,CMA CGM CENTAURUS,13351,20729.436,Constructions Mécaniques de Normandie,,33.92294,34.88732
1146,9399210,CMA CGM PEGASUS,11193,20283.104,Imabari Shipbuilding,,34.98154,119.96186
1147,9410727,CMA CGM ANDROMEDA,10952,3863.272,A&P Tyne,,29.91917,122.72835
1148,9445590,DISNEY FANTASY,2086,32500.748,George Lawley & Sons,,26.17375,-77.9206
1149,9434254,DISNEY DREAM,17549,2516.868,Amur Shipbuilding Plant,,28.34753,-80.51725
1150,9838383,CELEBRITY APEX,1359,2140.912,Gölcük Naval Shipyard,,47.28658,-2.19714
1151,9812705,CELEBRITY EDGE,1156,42173.744,H. C. Stülcken Sohn,,26.18982,-79.2121
1152,9812705,CELEBRITY EDGE,22772,46340.744,Regio Cantiere di Castellammare di Stabia,,26.18982,-79.2121
1153,9750696,EDUARD TOLL,25022,24090.816,Zidell Marine,,64.76527,6.14222
1154,9601302,APL PARIS,13008,20725.732,Chantiers Navals Français,,38.08609,134.71454
1155,9462029,APL SALALAH,11191,12173.196,Robbs,,11.73078,111.15542
1156,9462043,APL BARCELONA,6573,25040.892,Bath Iron Works,,-35.32222,21.39058
1157,9462017,APL SOUTHAMPTON,13521,14403.004,BAE Systems Australia,,30.48047,122.49755
1158,9462031,APL YANGSHAN,7777,20203.468,Lawrence & Foulks,,44.62331,-63.55307
1159,9601314,APL DUBLIN,10909,23311.124,Forgacs Group,,24.62734,119.55411
1160,9759240,MARVEL EAGLE,12587,1511.232,Fore River Shipyard,,29.25479,-93.26448
1161,9768370,FEDOR LITKE,816,18516.296,BLRT Grupp,,51.46015,2.68648
1162,9750701,VLADIMIR RUSANOV,9998,4874.464,Tampa Shipbuilding,,51.54939,-5.39186
1163,9737187,CHRISTOPHE DE MARGERIE,2632,30446.88,Wärtsilä Marine,,71.60872,30.20816
1164,9750713,RUDOLF SAMOYLOVICH,16440,34921.312,Vosper Thornycroft,,47.29905,-2.14238
1165,9768368,BORIS VILKITSKY,18856,21759.148,Rauma Marine Constructions,,66.57186,6.56387
1166,9768382,GEORGIY BRUSILOV,11749,20425.708,Kherson Shipyard,,71.70057,31.389
1167,9354923,CMA CGM VELA,11029,11578.704,EMGEPRON,,21.48971,39.15341
1168,9356311,CMA CGM MUSCA,6252,11586.112,Brodosplit,,14.20568,-60.9562
1169,9356294,CMA CGM THALASSA,6256,2192.768,Davie Shipbuilding,,34.38339,140.09058
1170,9356309,CMA CGM HYDRA,1184,21088.724,Walkers Limited,,36.07851,130.92217
1171,9378474,CARNIVAL DREAM,11387,9834.12,Götaverken,,25.78479,-78.44207
1172,9555723,CARNIVAL BREEZE,5310,35150.96,Meyer Werft,,25.78577,-78.4319
1173,9378486,CARNIVAL MAGIC,18980,17264.344,Israel Shipyards,,25.78239,-78.42431
1174,9666986,LNG FUKUROKUJU,9322,10460.096,"Samsung Heavy Industries Co., Ltd.",,-12.11976,130.2712
1175,9750737,VLADIMIR VORONIN,5648,24329.724,Merchant Shipbuilding Corporation,,71.42441,32.18673
1176,9750725,NIKOLAY YEVGENOV,13137,4598.516,Labuan Shipyard and Engineering,,59.13045,-6.36241
1177,9750749,GEORGIY USHAKOV,2483,25103.86,Su Marine Yachts Shipyard,,72.22386,27.33284
1178,9750672,YAKOV GAKKEL,13555,3679.924,Odense Steel Shipyard,,71.19699,32.4411
1179,9768394,BORIS DAVYDOV,1987,16534.656,Blohm+Voss,,71.21235,32.4691
1180,9750658,VLADIMIR VIZE,8928,1214.912,Vosper & Company,,70.66299,33.11002
1181,9768526,NIKOLAY ZUBOV,656,26837.332,Thornycroft,,52.01383,3.51396
1182,9742807,CASTILLO DE MERIDA,14491,2279.812,VT Halter Marine,,36.27437,15.22961
1183,9636967,AIDAPERLA,1231,5461.548,Boustead Naval Shipyard,,26.96011,-22.2925
1184,9636955,AIDAPRIMA,2949,45925.896,Amur Shipbuilding Plant,,25.27545,55.28372
1185,9506459,CELEBRITY REFLECTION,24798,20570.164,Deutsche Werft,,25.7981,-78.09103
1186,7349144,N'GOMA FPSO,11107,6880.18,"Hyundai Samho Heavy Industries Co., Ltd.",,-6.13948,11.03386
1187,9621077,PACIFIC ARCADIA,3715,4737.416,Vickers Shipbuilding and Engineering,,25.33061,123.54468
1188,9376294,CYGNUS PASSAGE,2558,21492.46,STX Finland,,46.39703,142.78168
1189,9343106,ALTO ACRUX,11605,4817.052,Blohm+Voss,,9.36295,126.6711
1190,9831220,ADRIANO KNUTSEN,2601,32560.012,Dockstavarvet,,35.91917,-9.61944
1191,9451094,CELEBRITY SILHOUETTE,17581,4031.804,Kockums Naval Solutions,,24.14075,-79.30867
1192,9752565,ENERGY GLORY,2177,9447.052,George Lawley & Sons,,30.41348,-132.18095
1193,9758844,ENERGY UNIVERSE,5101,1863.112,General Dynamics,,35.70687,-15.93904
1194,9362530,CELEBRITY SOLSTICE,1006,23203.708,Barclay Curle,,9.82634,111.82177
1195,9404314,CELEBRITY ECLIPSE,12529,17829.204,ASMAR,,32.73789,-117.40911
1196,9372456,CELEBRITY EQUINOX,9627,10673.076,Ingalls Shipbuilding,,25.76904,-78.12409
1197,9341689,LNG JUPITER,5763,9695.22,Benetti,,33.37925,140.19412
1198,9284192,ARCTIC LADY,5235,10776.788,ABG Shipyard Limited,,52.44874,2.90949
1199,9271248,ARCTIC PRINCESS,5819,16858.756,Aker Arctic,,67.53353,8.61069
1200,9341299,LNG BARKA,9103,0,German Naval Yards Kiel,,4.259,126.37358